game,moves
1,d2d4 d7d5 c1g5 d8d7 a2a4 a7a5 g5d2 h7h5 d2h6 d7f5 e2e4 b7b6
2,g1h3 c7c5 e2e4 d8c7 g2g4 g7g5 d1e2 c7d6 e4e5 d6c7 b2b3 b7b5
3,d2d3 d7d5 b2b3 c8e6 c1h6 f7f5 h6e3 g7g5 h2h3 e8d7 e3c1 c7c5
4,e2e4 g7g6 d1f3 d7d6 f3e2 e7e6 d2d4 e8e7 e2c4 e7e8 c4b5 c7c6
5,b2b3 f7f5 g1h3 b8a6 c2c4 d7d5 c4c5 f5f4 h3f4 c8h3 d2d4 c7c6
6,f2f4 c7c5 c2c3 a7a6 h2h3 c5c4 h1h2 b8c6 f4f5 d7d6 d2d3 e8d7
7,d2d4 h7h6 d1d2 d7d6 h2h3 a7a5 e1d1 b8d7 c2c3 f7f5 f2f4 c7c6
8,d2d3 c7c6 e1d2 f7f6 g1f3 g7g6 g2g4 e7e5 b1c3 b7b5 h2h3 h7h6
9,g1h3 b8a6 e2e4 b7b5 d2d3 g8f6 h3g5 h8g8 g5f3 a6c5 h1g1 e7e5
10,d2d3 c7c5 c1h6 a7a5 e2e3 d7d6 d1f3 g8h6 c2c3 b7b6 e1d1 d8c7
11,g2g3 b7b5 e2e3 h7h5 f1d3 d7d5 g1f3 b8a6 d1e2 c8e6 a2a3 f7f6
12,b2b3 g8f6 d2d3 a7a5 f2f3 c7c6 e1f2 b7b6 h2h4 f6e4 d3e4 d7d5
13,f2f4 g7g5 g1h3 h7h6 a2a3 e7e5 b2b3 c7c6 d2d3 f8b4 a3b4 e8f8
14,f2f4 d7d6 h2h4 a7a5 g2g4 b8d7 d2d3 d6d5 a2a3 g7g6 h1h3 e7e6
15,b1c3 g8h6 c3b5 g7g6 a2a4 e7e5 c2c3 b8c6 d1c2 c6b4 f2f3 d8h4
16,f2f4 e7e6 b1c3 b8c6 g1h3 d8f6 c3d5 e6d5 h3f2 f6b2 d2d3 f7f6
17,d2d3 g8f6 c1d2 b7b5 d1c1 b8c6 d2e3 f6g8 e3a7 b5b4 e1d2 c6e5
18,b2b3 f7f6 d2d4 a7a5 a2a3 e7e6 c1f4 f8b4 f4d2 d8e7 g2g4 g8h6
19,g1h3 h7h6 a2a3 b7b6 g2g3 c7c5 f2f3 g7g6 d2d4 e7e5 d1d2 d7d5
20,b1c3 g8h6 a2a4 h6g4 g2g3 b7b6 e2e3 c7c5 a1a2 h8g8 f1c4 g7g5
21,a2a3 b8c6 h2h3 a7a6 b2b3 g8h6 h1h2 a6a5 b3b4 e7e6 g2g3 f8d6
22,g2g4 g8h6 a2a3 a7a6 g1h3 d7d5 a3a4 d8d7 h3f4 d7e6 f4g2 a8a7
23,d2d3 d7d6 d3d4 c8d7 c2c4 d7f5 e2e3 g8f6 d1d2 e7e5 d2d3 c7c5
24,h2h3 h7h6 b1c3 b7b6 c3b1 h6h5 g2g4 b8c6 a2a3 c6d4 h1h2 g7g6
25,g1h3 g7g6 f2f4 h7h6 a2a4 f7f5 e1f2 d7d6 b2b3 b7b5 c1b2 g6g5
26,a2a3 a7a6 b2b3 b8c6 g2g3 e7e6 g1f3 a6a5 f1h3 a8a7 d2d3 c6e7
27,f2f4 d7d5 e1f2 d5d4 c2c4 c8g4 g1f3 e8d7 g2g3 d8e8 h2h3 b7b5
28,g1f3 h7h6 a2a3 f7f6 f3d4 h6h5 g2g3 d7d6 d4c6 c8e6 a1a2 h8h6
29,g1h3 d7d6 d2d3 a7a6 d1d2 b8c6 a2a3 c6b4 e2e3 b4d5 d3d4 c7c6
30,b1a3 e7e5 g1h3 b8c6 f2f4 f8c5 d2d3 h7h6 f4f5 d8e7 c1e3 e8f8
31,g1f3 b7b5 a2a3 d7d5 h2h3 e7e6 b1c3 c7c6 a1a2 d8c7 c3d5 c7a5
32,a2a4 g7g5 h2h4 c7c6 h4h5 d7d5 d2d4 e8d7 a1a2 g8h6 g1h3 b7b5
33,a2a3 a7a6 c2c3 h7h6 d2d4 a8a7 d4d5 g8f6 d1d3 g7g6 f2f3 g6g5
34,b2b4 b8c6 e2e4 f7f6 d2d4 c6e5 b1d2 g7g5 e1e2 c7c5 e2e3 f8g7
35,g2g4 g8h6 a2a4 g7g5 e2e4 a7a5 a1a2 a8a7 a2a3 e7e5 b1c3 f8b4
36,h2h4 b7b6 e2e3 g8h6 f1e2 b8a6 g2g4 a6c5 g4g5 c8a6 c2c3 f7f6
37,b2b4 f7f6 c2c4 h7h6 d1a4 b7b5 a4b5 a7a5 c1b2 f6f5 b1c3 a5b4
38,c2c4 a7a6 b2b4 e7e5 a2a3 a8a7 h2h3 f7f5 d2d4 h7h6 c1h6 g7g5
39,g2g3 h7h5 h2h4 g7g5 f1g2 d7d6 b1a3 a7a5 d2d4 b8c6 g2d5 c8h3
40,c2c3 h7h5 b1a3 d7d5 d1b3 a7a6 a3b1 c8h3 b3a4 b7b5 g2h3 e8d7
41,a2a3 d7d5 b2b4 g7g5 c2c3 e8d7 d1b3 d7e8 d2d3 c8d7 e1d1 c7c5
42,g1h3 a7a6 f2f3 b8c6 b1c3 e7e6 e1f2 a8a7 e2e3 c6a5 d2d4 a5c6
43,e2e3 g8f6 c2c4 h7h6 e1e2 h6h5 b2b4 f6h7 a2a3 h7g5 a3a4 d7d5
44,a2a3 a7a6 g2g4 d7d6 a1a2 b7b6 g4g5 e8d7 h2h4 b8c6 f2f4 d7e6
45,b2b3 g7g5 b1c3 g8f6 g2g4 f6g4 c3b1 h7h5 c1b2 h8h6 h2h4 b7b6
46,e2e3 e7e6 f1d3 f7f6 d3e4 f6f5 d1h5 e8e7 e1d1 h7h6 h2h3 e6e5
47,e2e4 d7d6 d2d4 g8h6 a2a3 c7c5 e4e5 b8c6 g2g3 h6g4 a1a2 g7g5
48,d2d3 b8c6 c1e3 h7h6 b1a3 a7a6 h2h4 a8b8 e3d4 e7e6 a1b1 c6a7
49,b2b3 h7h5 b1a3 d7d5 a3c4 e8d7 a1b1 g7g5 e2e4 d7c6 f2f4 f8h6
50,b2b4 a7a5 b1c3 b8c6 d2d4 h7h5 e2e3 a8a7 f1d3 h8h6 c1d2 c6e5
51,b2b4 g7g6 c1a3 g8h6 c2c4 g6g5 g2g3 f7f5 g1f3 b8c6 f3g1 c6d4
52,c2c3 a7a6 f2f3 h7h5 e2e3 b7b5 b2b3 b8c6 g1e2 d7d6 d2d4 a8a7
53,g1h3 f7f5 d2d3 c7c5 e1d2 f5f4 h3g1 g7g6 h2h3 e7e6 b1c3 h7h6
54,g2g4 b7b6 e2e4 f7f6 a2a4 g7g5 a1a3 e8f7 e4e5 f6e5 a3c3 a7a5
55,h2h3 h7h6 g2g3 d7d5 f2f4 g8f6 e1f2 b8c6 b1c3 c6b4 b2b3 f6h7
56,g2g3 e7e5 a2a3 b8a6 h2h3 a8b8 h3h4 g8h6 b1c3 g7g5 e2e4 h8g8
57,b2b3 b8a6 b1c3 f7f5 c3e4 h7h6 c1b2 e7e6 g2g4 f8c5 h2h3 f5e4
58,g2g3 f7f5 a2a4 h7h6 c2c4 e7e5 d2d4 e5e4 c1h6 b7b6 g1f3 g7h6
59,b1c3 d7d5 a1b1 h7h5 c3d5 b8d7 d2d4 a8b8 f2f4 e7e6 e1f2 f7f5
60,d2d4 a7a6 f2f3 e7e5 b1c3 b7b5 a2a3 h7h6 e2e3 f8d6 c3a2 f7f5
61,c2c4 b8c6 e2e3 f7f6 a2a3 e8f7 e1e2 h7h5 b1c3 a7a5 d2d4 b7b5
62,g2g4 c7c6 h2h4 b7b6 c2c3 d7d5 d2d4 e8d7 e1d2 b6b5 b2b4 f7f6
63,h2h4 h7h5 b1c3 d7d5 a2a3 b7b5 d2d4 b8a6 g2g4 g7g5 e2e3 g8f6
64,a2a3 b8c6 h2h4 f7f6 a3a4 d7d6 b1c3 a7a6 g2g3 c8g4 h4h5 a8b8
65,a2a3 d7d6 e2e4 h7h5 f1e2 b8c6 g1h3 e8d7 a1a2 g7g6 f2f3 g8f6
66,h2h4 e7e5 b1a3 e8e7 c2c4 h7h6 e2e3 g7g6 e1e2 e7d6 a1b1 d6e6
67,c2c3 a7a6 g2g3 f7f5 h2h3 g8f6 g3g4 e7e5 d2d4 b8c6 a2a4 a8a7
68,b1c3 g7g5 b2b4 e7e6 e2e4 b8c6 c1b2 e8e7 e1e2 e7f6 a2a3 a8b8
69,d2d3 f7f5 e1d2 c7c6 e2e3 d7d6 d1g4 f5f4 b2b4 e7e6 h2h3 c6c5
70,a2a3 h7h5 a1a2 g7g6 d2d3 e7e6 e1d2 b8c6 g1h3 a8b8 c2c3 f7f6
71,d2d4 a7a6 f2f4 h7h6 b2b3 a8a7 e1f2 d7d6 c1e3 e7e6 a2a3 f8e7
72,h2h4 g7g5 a2a3 a7a5 f2f3 f7f6 e2e4 e8f7 a1a2 b8c6 h1h2 d7d6
73,b1a3 f7f6 a1b1 h7h5 e2e4 d7d5 g2g4 c8g4 e4d5 h8h6 h2h4 b8c6
74,b1a3 e7e6 f2f3 f7f6 a1b1 h7h6 e2e4 f8c5 f1b5 a7a5 d1e2 b7b6
75,h2h4 h7h6 d2d4 c7c5 a2a3 h6h5 c1h6 g7g5 b1c3 g5g4 h6f4 a7a6
76,e2e4 e7e6 a2a3 d8f6 a1a2 f6f2 e1f2 a7a6 d1f3 f7f6 h2h3 a8a7
77,c2c4 a7a6 a2a4 d7d5 b1a3 c8f5 c4d5 c7c5 e2e4 d8a5 e1e2 a8a7
78,h2h4 e7e5 d2d4 e5d4 c1f4 a7a6 b2b3 a8a7 g2g4 f7f5 b1d2 c7c6
79,b1c3 a7a6 e2e4 b8c6 g1h3 a8b8 e1e2 e7e6 e2f3 f7f5 f1e2 d7d6
80,b1a3 b7b5 a1b1 e7e5 b2b4 h7h6 e2e4 d7d6 h2h3 f7f6 b1a1 c8f5
81,h2h4 h7h5 a2a3 g8h6 d2d4 c7c6 g2g3 d7d5 a3a4 h8g8 h1h3 c8h3
82,a2a3 e7e6 a1a2 b7b6 e2e3 f7f5 g2g4 d7d5 f1d3 c8b7 b1c3 e8f7
83,c2c3 g8h6 d2d4 f7f6 a2a3 e7e6 b1d2 d7d5 d1c2 f8d6 e1d1 h6g8
84,d2d4 g7g6 c2c4 g8f6 a2a4 h7h6 b2b3 e7e6 c4c5 a7a5 e1d2 d7d5
85,b2b4 b8c6 d2d4 h7h6 b1d2 e7e5 d2b1 g7g5 d4e5 a8b8 c1g5 a7a5
86,b2b4 e7e6 d2d3 d7d6 g2g3 a7a5 f1h3 g8h6 h3g4 d8f6 g4f3 b8c6
87,a2a3 d7d5 c2c3 a7a6 d2d3 c7c6 e2e3 b7b5 d1h5 c8h3 c1d2 a8a7
88,a2a4 g7g6 b1c3 g6g5 c3d5 a7a5 e2e4 g8h6 f2f4 a8a7 d5e3 e7e6
89,g1f3 d7d6 e2e3 g7g5 f1a6 c8h3 a2a3 e8d7 a1a2 d7c8 f3g1 f7f6
90,e2e3 e7e6 a2a4 g7g5 c2c3 c7c5 d1e2 g5g4 c3c4 a7a6 b2b3 a8a7
91,g2g3 f7f5 h2h3 e7e6 c2c3 f5f4 d2d3 f8a3 c1f4 a3b4 h1h2 b4c5
92,h2h4 f7f6 b1c3 h7h6 d2d4 e7e6 e2e4 b8a6 e1e2 c7c5 b2b3 e8e7
93,h2h4 b7b6 b2b4 d7d5 a2a4 h7h5 d2d4 e7e6 c1g5 f8c5 g5d8 e8d8
94,b2b3 c7c6 h2h3 h7h6 g2g3 a7a6 e2e4 d7d5 g1f3 e8d7 c2c3 d5e4
95,a2a4 d7d5 g2g3 c7c6 f2f3 h7h6 h2h3 h8h7 c2c3 g8f6 d2d3 a7a6
96,d2d4 a7a6 a2a3 h7h6 c2c4 d7d5 a3a4 c7c6 g2g4 c8g4 c1g5 g7g6
97,d2d4 d7d5 d1d2 c7c6 d2d1 g7g5 a2a3 b7b5 b2b4 g8h6 f2f4 h8g8
98,g2g3 g7g5 f2f4 b7b6 e2e4 d7d5 f1a6 d5e4 d1g4 b8c6 a2a3 e7e5
99,g2g4 a7a5 e2e3 e7e6 g1f3 e6e5 e1e2 d7d6 e3e4 f7f5 a2a4 b8d7
100,b1c3 d7d5 g2g4 a7a5 e2e4 c8g4 a1b1 g4f3 c3d5 d8d6 a2a4 e8d8
101,d2d4 e7e6 h2h4 a7a5 b2b3 f8b4 b1c3 f7f6 h1h3 b4c3 d1d2 b8c6
102,h2h3 a7a5 d2d4 g7g5 c1g5 g8f6 e1d2 a8a7 g5h6 c7c6 c2c3 f8h6
103,b1a3 g8h6 h2h3 g7g5 a1b1 d7d5 b1a1 h8g8 f2f4 d8d7 d2d3 e8d8
104,g1f3 d7d5 g2g4 a7a5 f3d4 b7b5 f1g2 c8g4 e1f1 g4h5 b1c3 h7h6
105,b2b4 d7d5 c2c4 b7b6 g2g3 h7h5 d2d3 g7g5 h2h4 e7e5 g3g4 h5g4
106,e2e3 e7e6 f2f3 f8e7 h2h3 f7f6 g2g3 e7a3 f1a6 h7h6 d1e2 b8c6
107,b1a3 g7g6 g1f3 c7c5 g2g4 g6g5 a1b1 a7a6 f3g5 d8c7 h1g1 c7c6
108,d2d4 g7g5 b2b4 a7a5 c1g5 b7b6 b4a5 d7d5 e1d2 b8a6 c2c4 g8f6
109,e2e3 f7f6 d1g4 e7e6 g4g5 f8c5 h2h3 a7a5 g5f4 b8c6 h3h4 e8f7
110,f2f4 a7a5 e1f2 c7c6 g2g4 d7d6 e2e4 d6d5 f1a6 h7h6 b2b3 a5a4
111,f2f4 e7e6 e2e4 f7f6 b1a3 f6f5 a1b1 f5e4 f4f5 h7h6 b2b3 b7b6
112,d2d4 e7e6 h2h4 h7h6 f2f3 f8d6 e2e3 f7f5 g1e2 g7g6 b2b3 d6b4
113,d2d4 d7d5 h2h3 b8c6 c1h6 c8g4 h6g5 b7b6 a2a4 g4h3 a1a2 e8d7
114,d2d4 e7e6 h2h4 d7d6 b1d2 b8c6 b2b4 b7b5 g2g4 f8e7 c1b2 d8d7
115,g2g4 c7c5 h2h4 g8f6 a2a4 f6g4 c2c4 d7d5 b1c3 b8d7 c3b1 h8g8
116,b1a3 h7h6 f2f3 b8c6 e2e4 e7e6 g2g4 e8e7 d2d3 a7a5 c2c3 b7b6
117,b1a3 d7d5 e2e3 e7e6 f2f3 f7f6 d2d4 a7a5 f1c4 d5c4 a3b1 f8c5
118,d2d4 d7d5 a2a3 a7a5 h2h3 g8h6 c1f4 a8a7 f4g5 c8f5 a1a2 f5e4
119,d2d4 e7e6 c2c4 f8c5 d4c5 b8c6 a2a4 e8f8 g2g4 h7h6 b1a3 e6e5
120,d2d4 g7g5 c1g5 d7d5 a2a4 e7e6 c2c3 f8c5 d4c5 b7b6 a1a3 e8f8
121,d2d4 e7e6 e1d2 f7f5 b2b3 d7d6 e2e3 a7a6 a2a3 c7c5 h2h3 a8a7
122,d2d4 b7b5 b1d2 d7d5 d2c4 c8h3 c1h6 a7a6 a1c1 g7g5 g1h3 e8d7
123,h2h4 g8h6 d2d4 e7e6 g2g4 f7f5 f1h3 d8e7 b2b4 e7d6 g4g5 d6a6
124,h2h3 d7d5 g2g4 b8c6 d2d3 f7f5 b1c3 a8b8 d1d2 e7e5 a1b1 e8f7
125,d2d4 d7d5 b1c3 h7h6 c1g5 e7e6 b2b4 f8e7 a2a3 f7f6 e1d2 g7g6
126,e2e3 g7g5 f2f3 d7d5 b2b3 b8c6 a2a4 g8f6 h2h4 c6b8 b1c3 c7c6
127,h2h4 e7e6 h4h5 h7h6 g1h3 f8c5 h3g1 d8h4 g2g3 e8e7 c2c3 e6e5
128,d2d4 g7g5 b1c3 e7e6 a2a3 f7f5 b2b3 h7h6 d4d5 e6e5 e1d2 e8e7
129,h2h4 c7c6 e2e3 d7d5 h4h5 h7h6 d1e2 b8a6 e2a6 c8d7 c2c4 d7h3
130,d2d4 b7b5 c1g5 d7d5 f2f3 g8h6 g2g3 c8g4 d1d2 h6g8 d2a5 g8f6
131,d2d4 a7a6 c2c3 a8a7 c1d2 g8h6 b2b4 d7d5 h2h3 g7g5 d2g5 c8h3
132,h2h4 b7b5 d2d4 d7d5 g1f3 c8h3 a2a3 f7f6 g2g4 f6f5 a1a2 d8d7
133,d2d4 e7e6 e2e3 e8e7 f1b5 g7g6 e1d2 f7f6 c2c4 b7b6 f2f3 g8h6
134,a2a3 a7a6 d2d4 a6a5 c2c3 g7g5 c1g5 a8a6 g1h3 d7d6 c3c4 e7e6
135,g2g4 d7d5 c2c3 b7b5 b1a3 c8f5 a1b1 b8a6 g1f3 d8b8 e2e4 e8d8
136,b1a3 d7d5 e2e3 h7h6 d1e2 d8d7 e2c4 e8d8 b2b3 a7a6 a1b1 a8a7
137,e2e3 h7h6 a2a3 c7c6 a1a2 c6c5 h2h3 f7f5 f1e2 e7e5 g2g3 g7g6
138,g2g4 h7h5 e2e4 h5g4 b1a3 a7a5 f2f4 d7d5 h2h3 c7c6 e4d5 d8d5
139,h2h3 h7h5 c2c4 e7e6 a2a3 c7c5 e2e3 a7a5 d2d4 d7d5 e1e2 g7g5
140,e2e3 d7d5 g2g3 c7c5 h2h4 d8a5 f1d3 a5a4 d3c4 b7b5 d1h5 e8d8
141,e2e3 e7e6 e1e2 e8e7 d2d4 h7h6 h2h3 d8e8 b1c3 f7f6 d1d3 d7d6
142,h2h4 a7a6 b1c3 d7d5 g2g4 c8g4 e2e4 a6a5 h1h3 d8c8 a1b1 a8a7
143,d2d4 d7d5 g1f3 a7a5 c2c3 c8g4 e1d2 a8a7 b1a3 d8c8 g2g3 e7e5
144,e2e3 h7h6 f2f3 e7e6 g2g3 f7f6 e3e4 b8a6 g3g4 e6e5 f3f4 a8b8
145,h2h3 e7e6 c2c3 f7f5 b2b3 d7d5 g2g3 e6e5 d2d4 h7h6 c1h6 g7h6
146,e2e3 a7a6 b1a3 c7c5 f1b5 h7h6 e3e4 f7f5 e1e2 e7e6 h2h3 e8f7
147,e2e3 d7d6 b2b4 d8d7 c2c4 g7g5 f2f4 e7e6 f4g5 d6d5 g1f3 d7d8
148,c2c4 h7h6 b2b3 d7d5 a2a3 g8f6 e2e4 g7g5 a1a2 d5c4 g2g4 f6g4
149,e2e3 g7g6 h2h4 a7a5 e3e4 c7c6 f2f4 d7d5 a2a4 e7e6 g2g3 b8d7
150,h2h3 a7a6 h1h2 d7d5 e2e3 c8d7 e1e2 d7b5 e2e1 a8a7 f1b5 b8d7
151,c2c4 b8c6 h2h3 a7a5 d2d4 d7d6 c1d2 c8f5 d2g5 h7h6 e2e4 a8c8
152,e2e4 d7d5 b1c3 b8c6 a2a3 c8g4 h2h4 a8b8 f1e2 e7e5 e1f1 e8d7
153,d2d4 e7e6 e1d2 d7d6 g1h3 b8c6 b2b3 b7b5 e2e4 e8e7 d2c3 f7f6
154,d2d4 e7e6 b1c3 a7a5 c1g5 f8a3 h2h3 b8a6 c3e4 h7h6 a1b1 h6h5
155,a2a3 d7d5 d2d3 d8d7 b1c3 d7b5 a1a2 b5d3 e2e3 d3f1 e1f1 b8c6
156,d2d3 a7a6 d3d4 d7d5 g2g3 b7b5 c2c3 b8c6 g1h3 g7g5 c1g5 h7h5
157,h2h3 b8a6 h3h4 e7e5 d2d4 e5d4 d1d4 f7f5 c2c3 f8e7 h1h2 e7a3
158,b1a3 g7g6 g1f3 d7d5 g2g4 c8g4 e2e4 e7e6 b2b3 e8d7 h2h3 b7b6
159,e2e3 g7g6 e3e4 g8f6 g2g4 h8g8 g1e2 f6d5 d2d3 f7f5 h2h3 e7e5
160,e2e3 g7g6 b1a3 a7a6 e3e4 d7d5 g1f3 c7c6 f1c4 d5e4 g2g4 c8g4
161,d2d3 e7e5 c2c4 f8c5 d1d2 f7f5 d3d4 h7h6 f2f3 g8f6 a2a4 g7g5
162,d2d4 e7e6 b1c3 f7f6 a2a3 b8c6 a3a4 g7g5 d4d5 a7a5 a1a2 c6d4
163,h2h3 b8a6 d2d4 d7d5 b1d2 c8d7 b2b3 d7h3 d2c4 e8d7 c4d2 g7g5
164,g2g3 h7h6 e2e3 d7d6 b2b3 e8d7 c2c3 d8e8 d2d4 d7c6 a2a3 c8g4
165,e2e3 e7e6 h2h3 g7g6 g2g3 e6e5 e1e2 f7f5 h1h2 h7h6 b2b3 b8a6
166,e2e4 e7e5 e1e2 e8e7 h2h3 h7h6 d2d3 d7d6 c1g5 f7f6 a2a4 c8e6
167,e2e3 d7d6 b1a3 e8d7 a1b1 a7a5 f1c4 a8a6 d1h5 f7f6 g2g4 g7g6
168,d2d4 e7e6 b1d2 d8h4 c2c4 h4h6 b2b4 d7d5 g2g3 f8c5 a2a4 b8c6
169,d2d4 e7e6 c2c4 f8b4 d1d2 b4c5 d4c5 h7h6 a2a4 c7c6 d2a5 e8e7
170,h2h3 e7e5 c2c3 b8c6 b1a3 g7g5 d2d4 a8b8 c1g5 a7a6 b2b4 d7d5
171,a2a3 e7e6 g2g3 h7h6 c2c4 b8c6 d2d4 e6e5 c1h6 g7h6 f1h3 b7b5
172,e2e4 h7h5 f2f4 b7b5 b2b3 d7d5 a2a4 f7f5 c1a3 f5e4 d2d4 a7a6
173,f2f3 h7h5 d2d4 a7a5 c1g5 a8a7 b2b3 b7b5 d1d2 b5b4 e1d1 e7e6
174,c2c3 b7b5 d2d4 e7e5 c1f4 f7f6 b1a3 g7g5 f4g5 f6g5 d1d2 b8c6
175,g2g3 e7e5 d2d4 g7g5 e2e4 b7b6 e1d2 f7f5 f2f4 c7c5 g1f3 c5d4
176,e2e3 c7c5 b1c3 a7a5 h2h3 d8c7 f2f4 b8c6 e3e4 a8a6 g2g3 f7f5
177,b1a3 g7g6 f2f4 f7f5 e1f2 e7e6 d2d4 h7h6 b2b3 b7b6 e2e4 a7a5
178,a2a3 d7d5 g2g3 c7c6 d2d4 c8h3 c2c3 h7h6 f1h3 g7g6 e1f1 d8c7
179,d2d4 e7e6 c2c4 h7h6 b2b4 d7d5 g2g4 b8d7 e1d2 a8b8 d1b3 d5c4
180,g2g3 c7c6 d2d4 b7b6 g1f3 d7d5 b2b4 c8b7 f1h3 b6b5 f3g5 a7a5
181,g2g4 b7b5 e2e4 d7d5 e1e2 c7c6 h2h3 b8a6 g1f3 c8g4 f1g2 h7h6
182,e2e4 d7d5 d2d4 e7e6 e4e5 d8e7 a2a3 g8f6 b2b4 f6d7 g2g3 h7h6
183,g1h3 h7h6 d2d4 f7f6 e1d2 d7d5 c2c3 c8g4 b2b4 e7e6 h1g1 c7c5
184,b1a3 h7h6 d2d4 d7d6 b2b4 c8g4 c1h6 h8h6 f2f4 d6d5 h2h3 g8f6
185,h2h3 e7e6 c2c4 b8a6 g2g3 f7f5 b2b4 g8f6 a2a4 h7h5 d1c2 e6e5
186,d2d4 e7e6 e1d2 f7f5 g1f3 f5f4 b2b4 b8c6 e2e4 d8f6 f1b5 d7d6
187,b1a3 d7d5 e2e3 c7c5 f2f3 c8h3 f1b5 d8d7 d1e2 e8d8 a1b1 h3g4
188,g2g3 h7h6 c2c4 d7d5 c4d5 b7b5 f2f3 c7c6 e2e4 g7g5 g1h3 c8b7
189,c2c4 g8h6 b1a3 d7d5 g2g4 c7c5 a3c2 d5c4 a1b1 h6g4 f2f4 a7a5
190,e2e3 c7c5 f2f3 g7g6 g2g3 g8f6 e1e2 d7d6 b1a3 h7h5 a3b1 f6g4
191,h2h3 c7c5 d2d4 d8c7 c1g5 e8d8 a2a4 h7h5 g1f3 d7d5 a4a5 c8h3
192,b1a3 f7f6 a1b1 g7g6 g1h3 e8f7 h1g1 d7d6 e2e4 d8e8 f2f3 c8h3
193,a2a4 d7d5 e2e3 c7c5 b1a3 d5d4 e3e4 g7g5 f2f4 c8e6 a1a2 d8c7
194,d2d4 d7d5 e2e3 g7g6 g1f3 h7h6 b1d2 a7a6 e3e4 h6h5 b2b3 b7b5
195,d2d4 e7e6 d1d2 f8e7 e1d1 b8a6 b2b3 a8b8 g2g3 e8f8 d2d3 d8e8
196,d2d4 g7g6 b1a3 c7c6 h2h3 f8h6 g2g3 d7d6 b2b4 h6d2 c1d2 b7b5
197,f2f4 h7h6 e2e4 f7f5 e4f5 g7g6 h2h3 a7a5 g2g3 g8f6 b1a3 e7e6
198,a2a3 b8c6 d2d4 c6d4 a3a4 d4e2 e1e2 a7a5 c1h6 a8a7 b1d2 f7f5
199,c2c4 g7g6 b2b4 e7e5 d2d4 f7f6 c1d2 h7h5 e2e4 f8c5 h2h3 e8f8
200,d2d4 d7d5 a2a3 c8g4 h2h4 c7c6 c1d2 e7e5 b2b3 b7b5 e2e3 g7g6
201,c2c4 d7d5 c4d5 c8g4 g2g3 c7c6 d1c2 h7h6 d2d4 b8a6 c2c3 b7b5
202,d2d4 e7e6 c2c4 f7f5 c1g5 f8a3 e2e3 g7g6 h2h3 e8f8 c4c5 h7h5
203,h2h3 e7e6 c2c4 h7h6 b2b4 b8c6 g2g3 b7b6 f1g2 b6b5 g2f1 a7a5
204,d2d4 h7h6 e1d2 d7d5 a2a3 a7a5 c2c3 b7b5 d2e3 e7e6 f2f4 g7g6
205,b1a3 g7g5 e2e3 e7e6 f1d3 e8e7 a3c4 d7d6 f2f4 g5g4 h2h3 a7a5
206,h2h4 g7g5 h4g5 g8f6 d2d4 b7b5 e2e4 d7d5 g5f6 h8g8 f1c4 c7c5
207,d2d4 a7a6 c2c4 g7g6 h2h3 b7b6 b2b4 d7d5 g2g3 g6g5 b1a3 b8d7
208,b1c3 e7e6 a2a3 b8a6 a3a4 f7f6 h2h3 f8a3 d2d3 h7h6 a1a3 e6e5
209,d2d4 g7g6 e1d2 c7c6 d2c3 d7d5 c1d2 g8f6 h2h3 d8c7 d2h6 f8h6
210,d2d4 a7a6 b1a3 d7d5 c2c4 f7f5 c1g5 b7b5 f2f4 c8d7 g2g3 b5c4
211,d2d4 g7g6 b1c3 e7e6 b2b3 f8b4 e1d2 c7c6 d4d5 a7a5 c1a3 a8a7
212,d2d4 e7e6 c2c4 d8h4 g2g3 a7a5 g1f3 h4f6 c1d2 e8e7 d2b4 e7e8
213,h2h3 d7d5 f2f3 e7e6 e2e3 b8c6 g2g3 e8e7 b2b4 c6b8 c2c3 h7h6
214,e2e3 c7c5 b1a3 a7a5 b2b3 d8c7 e1e2 e8d8 d1e1 d7d6 h2h3 c8h3
215,g2g4 d7d5 b2b4 c8g4 h2h4 d8c8 f2f4 c7c5 d2d4 c8f5 h1h3 e8d8
216,d2d4 e7e6 c2c4 f7f6 g2g3 e6e5 f2f3 g7g5 b2b4 h7h6 a2a3 g5g4
217,d2d4 d7d5 b1c3 a7a6 c1g5 b8d7 c3d5 a8a7 d5c7 d8c7 g5f6 e7e6
218,c2c3 d7d5 d2d4 e7e6 g2g3 f7f6 d1a4 b7b5 a4d1 e6e5 e2e3 g7g6
219,a2a4 g7g6 f2f3 g6g5 b2b3 g8f6 c1b2 d7d6 f3f4 h8g8 e2e4 c8h3
220,b2b3 b7b5 d2d4 a7a6 e1d2 d7d5 c2c3 c7c5 d4c5 h7h6 b3b4 c8g4
221,g1f3 d7d5 d2d4 c8g4 c1g5 a7a6 f3g1 c7c5 b1c3 g7g6 b2b4 g4f5
222,d2d4 g7g6 c1g5 d7d5 a2a3 c8h3 b1c3 c7c5 g5f6 a7a6 f6e7 e8d7
223,e2e3 g7g6 f2f3 c7c5 e3e4 d7d5 e4d5 f7f6 g2g3 d8d7 d2d4 g8h6
224,b2b4 d7d5 e2e3 g7g5 b4b5 c7c5 f1c4 h7h5 e1e2 d5c4 b1c3 c8g4
225,b2b4 g8h6 h2h3 e7e6 g2g4 e6e5 d2d4 f8c5 c2c4 e8e7 d1b3 d8e8
226,g2g4 d7d5 d2d4 c8g4 b2b3 a7a6 b1c3 e8d7 h2h3 c7c6 h3g4 d7e8
227,d2d4 g7g6 a2a4 a7a6 f2f3 f7f6 b2b4 d7d6 b1c3 c7c5 c1b2 a8a7
228,d2d4 g7g6 c1g5 d7d5 f2f3 f7f5 a2a3 b7b5 e2e3 f5f4 f1c4 d5c4
229,d2d4 e7e6 e1d2 a7a6 d2e1 f8a3 b2b3 a8a7 c1h6 d8f6 e2e4 b8c6
230,b2b4 c7c5 d2d4 g7g6 h2h3 d7d5 g1f3 e7e6 g2g3 c5c4 c1g5 e8d7
231,d2d4 a7a6 c1g5 f7f6 b1c3 f6g5 c3d5 a8a7 h2h3 h7h6 b2b4 e7e5
232,d2d4 e7e6 e1d2 f7f5 b2b3 b8a6 e2e3 f5f4 h2h3 f8c5 d4c5 a8b8
233,b1a3 d7d5 e2e3 c7c5 d2d4 g7g5 d4c5 d8a5 c1d2 a5c7 d2b4 c8h3
234,d2d4 e7e6 e1d2 b8a6 e2e3 a8b8 g1f3 h7h6 b2b3 g8f6 f3e5 f6g8
235,h2h3 a7a5 b2b4 g7g6 e2e4 d7d5 f2f4 c7c5 g2g4 d8c7 g1f3 d5e4
236,d2d4 e7e6 g2g3 f7f6 c2c4 b8a6 g1f3 g7g6 h2h4 f8e7 h1h3 e7b4
237,d2d4 e7e6 h2h3 d7d5 c2c3 b8a6 g2g3 f7f6 g1f3 f8c5 f3g5 d8d6
238,h2h4 d7d5 e2e3 e8d7 d1f3 c7c6 e1e2 d8c7 f3f6 a7a6 e2f3 h7h6
239,g2g3 f7f6 e2e4 e7e5 f2f4 h7h6 d1e2 f6f5 b1a3 b8c6 a1b1 e8f7
240,c2c4 d7d5 g2g3 h7h6 d1b3 b7b5 d2d3 c7c6 f2f3 f7f5 a2a3 d5c4
241,d2d4 a7a6 h2h3 d7d5 b1a3 c8g4 e2e3 g4d7 f2f4 e7e6 f1b5 c7c6
242,h2h3 e7e5 d2d4 g7g5 c1g5 e5d4 c2c4 b8a6 g5f6 h7h6 g1f3 d7d5
243,d2d4 d7d5 e2e3 a7a6 b1a3 g7g6 f2f4 c7c6 g1f3 g8h6 h2h3 b7b6
244,d2d4 g7g6 h2h3 d7d5 g2g3 c8d7 g1f3 g8f6 d1d3 b7b6 e1d1 d7h3
245,d2d4 f7f6 e2e3 e7e6 c2c3 g7g6 b1d2 a7a5 c3c4 h7h5 g1h3 a8a7
246,d2d4 d7d5 e2e3 g7g6 b1a3 c7c5 d4c5 h7h6 f1e2 d5d4 b2b4 d4e3
247,e2e3 c7c5 e1e2 d7d6 h2h3 b7b5 b2b3 c8h3 g2h3 c5c4 d1e1 g8f6
248,g2g3 h7h6 c2c3 g7g5 b2b3 e7e5 c3c4 f7f6 h2h4 g5g4 g1f3 e8e7
249,b1a3 e7e6 e2e3 g7g6 e1e2 c7c6 a1b1 d7d5 g1f3 b7b5 h2h3 f8h6
250,c2c4 g7g6 g2g4 b8c6 b1c3 f7f5 h2h3 a7a5 a1b1 e8f7 h1h2 c6b4
251,d2d4 g7g6 c1g5 e7e6 c2c3 a7a6 h2h3 a8a7 b2b3 d7d5 g2g3 h7h5
252,h2h3 e7e6 c2c4 b8a6 g2g3 e8e7 d2d4 h7h6 b2b4 e6e5 b1d2 d7d5
253,g2g3 e7e5 d2d4 h7h6 g1f3 g7g5 g3g4 h6h5 c2c3 g8f6 d4d5 a7a5
254,a2a3 g7g6 g2g4 h7h5 h2h4 f7f5 g1f3 f8h6 d2d4 e7e6 b2b4 h6e3
255,c2c4 b7b5 c4c5 a7a6 g2g3 g7g5 g1f3 d7d6 f3g5 h7h6 b1a3 c8h3
256,b2b3 g7g6 h2h3 g6g5 c2c3 g8f6 c1a3 d7d5 g2g3 a7a5 a3e7 d5d4
257,d2d4 g7g6 c2c3 d7d5 c1d2 b7b6 d2g5 b8a6 e1d2 d8d7 h2h3 a8b8
258,b1a3 a7a5 e2e3 b8c6 e1e2 g7g5 g2g3 d7d6 d1e1 b7b6 b2b4 a8b8
259,b1a3 d7d5 d2d4 g7g6 c1f4 c7c6 c2c4 g8h6 f2f3 h6g8 f4h6 a7a5
260,d2d4 d7d5 c1h6 c7c6 c2c4 c8g4 g2g3 g7g6 a2a4 a7a6 c4c5 g4h3
261,b1a3 a7a5 e2e3 c7c5 h2h3 g7g6 f1b5 d8c7 e1e2 c5c4 e3e4 g8f6
262,d2d4 d7d5 e2e3 e8d7 g2g3 b7b6 c2c3 c7c5 b1a3 g8f6 f1d3 g7g6
263,g2g3 h7h5 f2f4 g8f6 e2e4 h8h6 g1f3 d7d5 h2h3 c8f5 d2d4 b8a6
264,a2a3 b8a6 a3a4 e7e6 b1c3 e8e7 d2d4 b7b6 c1e3 g7g6 e3g5 f7f6
265,b1c3 b8a6 a2a3 a8b8 a3a4 e7e6 g2g4 f7f6 c3d5 f8c5 d5f4 f6f5
266,b1c3 e7e6 g2g3 b8a6 c3a4 h7h5 d2d3 e6e5 e2e3 e8e7 f1h3 g7g6
267,d2d4 g7g6 c1g5 e7e6 c2c4 d7d5 g2g3 g8h6 e1d2 c7c6 g1f3 f8c5
268,d2d4 g7g6 h2h3 d7d5 b2b3 g6g5 e2e3 e8d7 b1a3 c7c6 f1c4 h7h6
269,d2d4 b7b5 a2a3 c7c5 c1g5 g7g6 h2h3 d7d6 g1f3 a7a6 g2g3 c8h3
270,h2h3 h7h6 e2e3 c7c5 d2d4 c5d4 e3e4 d7d5 c1g5 h6g5 f2f4 d5e4
271,b1c3 d7d5 e2e3 h7h6 a2a4 b7b6 a1b1 e8d7 d2d4 e7e6 f2f3 d7d6
272,g2g3 g7g6 e2e4 f7f5 f2f4 e8f7 b2b3 f5e4 d2d4 h7h6 e1d2 c7c6
273,f2f4 h7h6 f4f5 c7c5 h2h4 b8c6 g2g4 c5c4 e2e4 e7e6 g1f3 e8e7
274,h2h3 g7g6 g2g4 h7h6 e2e4 f7f5 e1e2 e7e5 c2c4 e8e7 g1f3 c7c5
275,b1c3 h7h6 e2e3 c7c5 h2h3 d7d6 e3e4 d6d5 a1b1 c8g4 h1h2 d8d6
276,d2d3 b8a6 d3d4 e7e6 e2e3 g7g6 a2a4 d8e7 e1e2 e6e5 g2g4 f7f5
277,b1c3 d7d5 e2e3 c8f5 g2g4 a7a5 f1b5 b8c6 f2f3 g7g5 b5d3 d8b8
278,a2a3 e7e6 c2c4 g7g6 g2g3 b8a6 d1c2 h7h6 g1f3 f8c5 d2d4 f7f5
279,b1a3 g7g6 h2h3 d7d5 e2e3 e8d7 f2f4 b7b6 g2g3 e7e6 f1b5 b8c6
280,a2a4 e7e6 g2g3 d7d5 b1c3 h7h6 d2d3 b7b6 c1h6 h8h7 g3g4 e8e7
281,e2e4 d7d5 f2f4 c7c6 g2g3 h7h6 f1c4 h8h7 e4e5 c8g4 g1e2 g8f6
282,g1f3 d7d5 g2g4 e7e6 f3g1 c7c5 a2a4 b8a6 g4g5 c5c4 a1a2 b7b6
283,b1a3 b8a6 e2e3 d7d6 d2d4 e8d7 e3e4 d8e8 g1h3 d6d5 h3g1 g8h6
284,d2d4 g7g6 c1g5 d7d5 h2h4 f7f6 c2c3 h7h6 g5f6 a7a6 b1a3 b7b6
285,g2g3 e7e5 f2f4 h7h6 e1f2 e5e4 d1e1 c7c6 h2h4 d8b6 d2d4 f8e7
286,d2d4 b8c6 g2g3 e7e6 c2c4 f7f6 f2f4 a7a5 f4f5 g7g5 b2b4 a8a6
287,b1a3 e7e6 e2e3 e8e7 e1e2 d7d5 f2f3 h7h6 g2g3 a7a5 b2b3 b8c6
288,d2d4 a7a5 a2a4 e7e6 e1d2 g7g6 b2b3 a8a7 c1b2 f7f5 d2e1 f8c5
289,d2d4 e7e6 e1d2 f7f5 d2d3 b7b6 b2b3 f8b4 h2h3 b4c5 d3c3 h7h5
290,d2d4 e7e6 e1d2 g7g5 c2c4 d7d5 h2h3 c7c5 b2b3 e6e5 d4e5 g8e7
291,b1a3 g7g6 e2e4 d7d6 a1b1 d6d5 h2h3 c7c6 f2f4 c8g4 g2g3 f7f6
292,d2d4 d7d5 f2f3 g7g5 c1g5 e7e6 e1d2 f7f6 g5f6 b8a6 a2a3 f8c5
293,d2d4 a7a5 e1d2 d7d5 b2b3 b7b6 f2f3 e8d7 c1b2 c8b7 b2c1 c7c6
294,f2f3 e7e6 e1f2 e8e7 g2g4 d7d5 d2d3 d8d7 f3f4 e7d8 e2e3 d7b5
295,a2a4 d7d5 e2e3 e8d7 a1a2 b7b5 d1h5 c7c5 f1b5 d7c7 e1d1 c5c4
296,d2d4 c7c5 c1d2 g7g6 d2g5 c5d4 b2b3 g8h6 h2h3 f7f6 g5c1 e8f7
297,d2d4 e7e6 e1d2 g7g6 b1a3 c7c5 d4c5 f8c5 h2h3 g6g5 e2e4 d8e7
298,d2d4 f7f6 g2g4 e7e6 f2f3 f8b4 b1c3 b8c6 a2a4 a7a5 c1g5 b4c5
299,h2h3 d7d5 a2a3 b8c6 d2d4 e7e6 e2e3 d8g5 c2c3 e8e7 d1c2 g5e3
300,a2a4 d7d5 e2e3 e8d7 a1a3 b7b6 b1c3 d7c6 g2g3 c8g4 b2b3 h7h5
301,a2a3 g7g6 d2d4 d7d5 b1c3 c7c6 g2g3 d8c7 c1d2 f8h6 f1h3 e7e5
302,a2a4 b8a6 b1c3 a8b8 f2f3 e7e6 g2g4 f8c5 e2e4 e8f8 f3f4 d8e8
303,d2d4 f7f6 b2b4 e7e5 e1d2 g7g5 d4e5 d7d6 c2c3 e8f7 b4b5 f6e5
304,d2d4 g7g6 c1g5 d7d5 f2f4 e7e6 e1f2 b7b5 e2e3 f8h6 b1a3 f7f5
305,d2d4 b7b5 c1g5 g8h6 a2a4 a7a6 h2h3 h6g8 b2b4
306,b1a3 g7g6 h2h4 c7c6 e2e4 d7d5 f2f4 d5e4 a3b1 f7f5 g2g3 e8f7
307,g2g4 c7c6 a2a4 b8a6 a1a3 c6c5 f2f3 h7h6 e1f2 d8c7 b1c3 a8b8
308,f2f3 b7b5 d2d4 g7g5 c1g5 e7e6 h2h4 d7d5 h1h3 c7c6 g5h6 g8h6
309,d2d4 a7a6 c1g5 f7f6 g5h6 e7e6 g2g3 f8c5 d4c5 e6e5 h2h4 a6a5
310,d2d4 a7a6 b1d2 g7g5 a2a3 g8f6 d2b1 d7d5 c1g5 c8f5 b1c3 a8a7
311,a2a4 d7d5 f2f3 e8d7 a1a2 g8h6 c2c3 b7b6 d2d4 f7f6 a4a5 g7g5
312,b1c3 c7c6 a2a4 h7h6 e2e3 d7d6 f1c4 c6c5 g1e2 d8c7 e2g1 g7g6
313,d2d4 e7e6 e1d2 b8a6 b2b3 e8e7 c2c3 h7h6 h2h3 c7c5 d4c5 b7b5
314,a2a4 a7a5 e2e3 d7d6 e3e4 d6d5 e4e5 d8d6 b1a3 e8d8 f2f3 c8g4
315,b1c3 b7b5 e2e4 d7d5 e4e5 c7c5 g2g3 c5c4 f1c4 b5c4 f2f4 h7h6
316,b1a3 e7e6 a1b1 d7d5 a3c4 d5c4 f2f4 c7c5 g2g3 g7g6 g1f3 e8e7
317,h2h3 b8a6 b1a3 e7e6 a1b1 f8c5 h1h2 e8f8 d2d3 f8e7 c1g5 e7e8
318,e2e3 g7g6 e3e4 f7f5 g2g4 e7e6 h2h3 f8b4 f2f4 d8h4 e1e2 b8c6
319,g2g3 h7h5 f2f4 f7f5 e2e3 g7g6 h2h3 g8f6 b2b3 b7b5 d2d4 h8h6
320,e2e3 b8a6 f1d3 e7e5 e1f1 g7g5 a2a4 f7f5 h2h3 g5g4 d1g4 a8b8
321,c2c4 d7d5 g2g3 b8a6 d1b3 c8g4 d2d3 a8b8 h2h4 e8d7 g1f3 g4f5
322,e2e4 e7e6 g2g4 f8e7 f1a6 b8a6 b1a3 f7f5 c2c4 e8f7 h2h4 a8b8
323,d2d4 f7f6 h2h3 e7e5 f2f4 b7b5 e1f2 g7g5 b1c3 b8c6 d1e1 e5d4
324,a2a3 g7g6 b1c3 f7f5 a3a4 e7e5 h2h3 e5e4 e2e3 b7b6 e1e2 c8a6
325,d2d4 g7g6 h2h3 d7d5 c2c3 g6g5 f2f4 b8a6 e2e3 a6b8 h3h4 c7c5
326,d2d4 e7e6 c1e3 f7f6 e1d2 a7a6 b2b3 a8a7 c2c3 e6e5 g2g3 f8b4
327,f2f3 g7g5 g1h3 a7a5 e2e3 g8f6 g2g3 b8c6 h3g5 c6e5 h2h3 a8a7
328,d2d4 g7g6 c1g5 d7d5 e2e4 c7c6 h2h3 a7a6 a2a3 b7b5 b2b3 d5e4
329,c2c4 g7g6 d1c2 d7d5 g2g4 c8g4 c4d5 e7e6 a2a3 c7c5 e1d1 d8f6
330,a2a4 b8c6 a1a3 e7e6 c2c4 f8a3 c4c5 c6d4 g2g3 g7g5 f2f4 h7h6
331,a2a4 b8a6 g2g3 e7e6 f2f4 b7b6 e2e4 h7h6 b2b4 f7f5 e4f5 f8c5
332,b2b4 e7e5 d2d4 f7f5 d4e5 f8c5 c2c4 g8f6 b1a3 d7d5 b4c5 h7h5
333,a2a3 e7e6 g2g3 e6e5 f2f4 b8a6 d2d4 f7f6 d4e5 h7h6 b1d2 g7g6
334,a2a4 h7h6 h2h3 d7d5 a1a2 b7b6 g2g4 c8g4 h3g4 e8d7 d2d3 e7e6
335,d2d4 g7g6 c2c4 d7d5 g2g4 c7c5 h2h4 b8d7 b1a3 b7b6 b2b4 d7b8
336,g2g3 g7g6 g1f3 f7f5 d2d4 e7e5 c2c3 f8c5 d4e5 h7h5 b2b3 c5f2
337,f2f3 b8a6 d2d4 g7g6 b2b3 e7e6 e1d2 d8e7 g2g3 f7f6 e2e3 b7b6
338,f2f4 h7h6 f4f5 c7c5 d2d4 b7b5 f5f6 c8b7 h2h4 h8h7 b1a3 d7d5
339,d2d4 e7e6 e1d2 f7f5 b2b3 f8b4 c2c3 b4a5 e2e3 g7g6 b1a3 f5f4
340,g2g3 h7h6 e2e3 h6h5 b1a3 g7g6 d1e2 g8f6 f2f4 b7b5 e3e4 d7d5
341,g2g3 d7d5 d2d4 g8f6 c1g5 g7g6 g1f3 b7b5 b2b4 c7c6 f1h3 a7a6
342,d2d4 d7d5 b1a3 e7e6 e1d2 c7c6 e2e3 g7g5 b2b3 h7h6 f1c4 f8e7
343,h2h4 d7d5 g2g3 e8d7 f2f4 c7c5 e2e3 d7c6 d1e2 c5c4 b1c3 b7b5
344,d2d4 d7d5 g2g3 g7g6 b2b4 g8f6 g1f3 b7b5 c2c4 c7c6 g3g4 c8d7
345,a2a3 e7e5 d2d4 f8d6 c1d2 g7g6 d4e5 d6e5 h2h4 e8f8 d2b4 c7c5
346,g2g3 g8f6 f1g2 a7a5 g2f1 g7g6 g1f3 a8a7 d2d4 e7e5 c2c3 e5e4
347,a2a4 a7a5 e2e3 g8h6 b1a3 d7d6 a1a2 h8g8 f1b5 b8c6 d1g4 a8b8
348,d2d4 f7f6 g2g3 e7e5 e2e3 g7g5 c2c3 e5d4 f2f4 g5g4 c3d4 b7b5
349,b2b3 e7e5 e2e3 f7f5 e1e2 g7g6 h2h3 c7c6 b1c3 e5e4 a2a4 f5f4
350,g2g4 e7e5 d2d4 f7f5 d4e5 g7g6 b2b3 h7h5 g4g5 f8b4 c2c3 g8f6
351,d2d4 b8a6 c1h6 d7d5 e2e3 c8e6 f2f4 e8d7 b1c3 b7b6 a1b1 a6c5
352,d2d3 c7c5 d3d4 h7h6 b2b3 c5d4 e1d2 d7d6 c2c4 g7g6 d2c2 a7a5
353,b2b3 b8a6 e2e3 c7c5 g2g3 g7g6 e3e4 e7e6 d1e2 e8e7 e1d1 f7f6
354,e2e4 e7e6 f2f4 e8e7 b2b3 h7h6 g2g4 g8f6 b1c3 f6g4 a1b1 h8g8
355,g2g3 e7e5 e2e3 e8e7 f2f4 h7h6 f1a6 b8c6 d2d4 e5d4 c2c3 g7g6
356,e2e4 e7e6 g2g4 g7g6 f2f4 d7d6 h2h4 f7f5 a2a4 e8f7 b1c3 f5g4
357,a2a4 g7g5 h2h3 e7e5 f2f4 g8f6 e1f2 d7d5 d1e1 c8h3 a1a2 g5g4
358,d2d4 g7g6 c1g5 c7c5 b1a3 d7d5 b2b4 g8f6 d4c5 e7e5 c2c3 d5d4
359,a2a4 a7a5 b1c3 b8a6 e2e3 e7e6 e1e2 e8e7 d2d3 d7d5 h2h3 d8e8
360,h2h3 h7h6 d2d4 d7d6 c1d2 h8h7 g1f3 f7f6 a2a3 b7b5 e2e4 c8f5
361,g2g3 g8f6 a2a4 d7d5 b1c3 g7g6 a1a3 b7b6 e2e3 h7h5 f2f3 h8h6
362,b1a3 g7g6 h2h3 e7e6 c2c4 f8c5 a1b1 c7c6 g2g4 e8e7 b2b4 a7a6
363,d2d4 g7g6 c1g5 d7d5 h2h4 b7b5 g1f3 c8h3 g5e7 c7c6 e2e4 d5e4
364,d2d4 g7g6 c1g5 d7d5 a2a3 c7c6 b2b4 e7e6 c2c3 g8f6 h2h3 h7h5
365,c2c4 g7g6 e2e3 c7c6 f2f3 a7a6 e3e4 g8f6 c4c5 d7d5 f1a6 e7e5
366,d2d4 b7b6 e1d2 f7f5 d2e3 e7e6 g2g3 a7a5 a2a4 g7g5 c2c3 f8c5
367,a2a4 d7d6 a1a3 e8d7 b1c3 b7b6 e2e3 d7c6 e1e2 a7a5 c3d5 b6b5
368,e2e3 c7c5 g2g3 g7g6 b2b3 g8f6 f1b5 h7h5 e3e4 g6g5 e1f1 c5c4
369,g2g3 h7h5 e2e3 d7d5 f2f4 c7c6 f1c4 d5c4 d1g4 c8d7 g4h3 e7e6
370,b2b4 e7e6 c2c4 d7d5 g2g3 d8g5 f1g2 d5c4 g2c6 b8d7 e1f1 f7f6
371,d2d4 g7g6 e1d2 c7c6 b2b3 d7d5 c2c4 f8h6 e2e3 e7e6 b1a3 d5c4
372,g2g3 h7h5 f2f4 d7d5 h2h4 a7a5 e2e4 d5e4 b2b3 h8h6 d2d4 c7c5
373,d2d4 f7f6 e2e3 e7e6 b1a3 f8c5 e1e2 d8e7 d1e1 b8a6 d4c5 a8b8
374,d2d4 g7g6 c1g5 d7d5 g5e7 b7b6 e1d2 f7f6 h2h3 e8d7 d2c3 d8e8
375,g2g3 g7g6 g1f3 g8f6 g3g4 h7h5 d2d3 g6g5 a2a4 f6g4 f3g5 d7d5
376,a2a4 d7d5 g2g3 b7b5 a1a3 h7h6 e2e3 c8g4 d2d3 b5a4 b1d2 g4d1
377,c2c4 h7h6 a2a3 c7c6 a1a2 g7g6 d2d3 b7b5 e1d2 e7e5 c4b5 f7f5
378,b1a3 g7g6 a3c4 f7f5 h2h3 e7e6 a1b1 b7b6 b2b3 f5f4 e2e4 d7d6
379,a2a4 e7e6 c2c4 e6e5 b2b4 c7c6 e2e3 g7g6 e3e4 f8c5 a1a2 g8f6
380,b1c3 d7d5 a2a4 c8g4 e2e3 e8d7 f2f3 b7b6 d1e2 a7a6 e3e4 e7e5
381,a2a4 d7d5 b1a3 e8d7 f2f3 b7b6 a1a2 a7a5 a3c4 d5c4 b2b4 e7e6
382,d2d4 g7g6 g1f3 c7c5 h2h3 b7b5 g2g3 c5d4 h1h2 a7a6 h3h4 d7d6
383,d2d4 f7f6 g2g3 e7e5 f2f4 g7g6 e2e4 e5d4 g1f3 g6g5 d1d4 g5f4
384,b1a3 a7a5 e2e3 g7g6 f1c4 b8c6 g2g4 f7f5 g4g5 e7e5 f2f4 h7h6
385,d2d4 f7f6 e1d2 c7c5 e2e3 d8c7 d4c5 b7b6 b1a3 b6c5 b2b3 g7g6
386,a2a4 b8a6 b1a3 e7e6 e2e3 e8e7 e1e2 b7b6 d2d3 d7d5 b2b4 d8d6
387,f2f3 a7a5 e2e4 b8a6 b1a3 e7e5 a1b1 f7f5 g1e2 g7g5 f3f4 g8f6
388,h2h4 d7d5 d2d4 g7g6 g1f3 g8f6 g2g4 g6g5 f3g5 h7h5 g5f3 c8g4
389,e2e4 c7c5 f2f4 h7h5 g2g3 g8f6 g1f3 d7d5 g3g4 d5e4 h2h4 h8g8
390,b1c3 d7d5 e2e3 e8d7 f2f3 d8e8 f1e2 d7d8 e2a6 d5d4 d1e2 g7g6
391,b1a3 g7g6 h2h3 c7c6 a3c4 d7d5 g2g4 c8g4 h3g4 e8d7 f2f4 b7b6
392,b2b4 d7d5 d2d4 g7g5 c1g5 c8e6 c2c3 g8f6 e1d2 b7b5 h2h3 a7a6
393,d2d4 f7f6 g2g4 e7e5 d4e5 b8a6 d1d7 e8d7 c2c3 c7c5 b2b4 b7b5
394,g2g4 a7a5 d2d4 b8a6 b2b3 f7f5 c2c3 a8a7 g1f3 d7d5 e2e3 e7e6
395,h2h3 d7d5 c2c4 h7h6 f2f3 d5c4 d1c2 g7g5 b1a3 c8h3 c2c3 a7a5
396,d2d4 b8a6 c2c4 e7e6 g2g3 g7g6 b2b4 a8b8 f2f4 e6e5 c4c5 f8c5
397,d2d4 e7e5 c1g5 f7f6 d4e5 b8a6 d1d5 a8b8 d5f7 e8f7 a2a3 f6e5
398,d2d4 e7e6 c2c4 b8a6 g2g3 e6e5 d4e5 f7f6 a2a4 e8e7 e5f6 g7f6
399,e2e4 g7g6 f2f4 f7f5 g1f3 e8f7 g2g3 b7b6 a2a3 f7e6 c2c3 e6f7
400,b1a3 a7a5 e2e3 d7d6 f1b5 b8c6 a1b1 h7h6 b5c4 h8h7 e3e4 c6a7
401,g2g3 g7g5 f2f4 g8f6 e2e4 c7c5 f1e2 d8c7 e2c4 a7a5 b1c3 h8g8
402,b2b4 a7a5 d2d4 f7f6 h2h4 h7h6 c1g5 f6g5 h1h3 b8a6 h3b3 a8a7
403,g2g3 h7h6 d2d4 g7g5 b2b4 d7d6 c2c3 h8h7 e1d2 h6h5 b4b5 c8g4
404,g2g3 h7h6 b2b3 g8f6 d2d4 c7c6 c2c3 b7b6 c1d2 d7d5 d2h6 h8h6
405,g2g3 a7a5 c2c4 h7h6 c4c5 d7d5 b2b4 b8a6 d2d3 a6b4 c1g5 c8g4
406,d2d4 e7e6 e1d2 f8b4 c2c3 g8e7 h2h4 g7g5 b2b3 e6e5 h4g5 e5d4
407,g2g3 h7h6 f2f4 c7c6 e2e4 f7f5 f1a6 g8f6 a6c4 d7d5 e4e5 h8g8
408,d2d4 g7g6 c2c4 d7d5 b2b4 b7b5 h2h3 a7a6 g1f3 c7c6 h1g1 e8d7
409,h2h3 e7e6 b1c3 f8a3 a1b1 b7b5 h1h2 d7d6 e2e4 b5b4 d1h5 c7c6
410,a2a4 g7g6 b1a3 e7e6 g2g3 b8a6 h2h4 f7f5 f2f4 f8c5 a3b5 h7h6
411,a2a4 d7d5 f2f3 b7b5 e2e3 b8d7 e3e4 e7e6 f3f4 d5e4 g2g3 a7a5
412,c2c4 a7a5 d2d4 d7d5 g2g3 h7h6 b2b4 g8f6 e1d2 g7g5 e2e3 b8d7
413,a2a4 d7d5 f2f3 h7h6 e2e3 b7b5 f1b5 c7c6 d1e2 c6b5 b1a3 d5d4
414,a2a4 a7a5 b1a3 e7e6 a1b1 a8a7 g2g4 f7f6 e2e3 g7g6 b2b3 d7d5
415,g2g3 a7a5 d2d4 g7g5 d1d3 g5g4 g1f3 b7b5 d3g6 d7d5 c2c4 b8c6
416,g2g3 b7b5 d2d4 d7d5 c2c3 c7c6 a2a4 g7g6 g1f3 g8f6 b2b4 h8g8
417,g2g3 g7g6 f2f4 f7f5 e1f2 h7h5 d1e1 e7e6 f1g2 f8h6 h2h4 a7a5
418,g2g3 a7a5 d2d4 g7g5 c1g5 e7e6 a2a3 b8a6 c2c3 f7f5 h2h3 f5f4
419,d2d4 f7f6 e1d2 g7g6 e2e3 g6g5 d1h5
420,c2c4 g7g6 f2f3 f7f5 h2h3 e7e5 f3f4 e5e4 e1f2 f8c5 d2d4 b8a6
421,d2d4 f7f6 c2c4 b8a6 d4d5 e7e5 g2g3 f8c5 a2a4 c5f8 d1b3 g7g5
422,d2d4 f7f6 c1g5 g7g6 h2h4 e7e5 h1h3 e5d4 g1f3 f8b4 b1c3 d7d6
423,a2a3 h7h5 h2h4 b7b6 d2d4 d7d5 h1h3 h8h7 c1g5 c7c5 a3a4 e8d7
424,c2c4 a7a5 d2d4 d7d5 c1g5 c8g4 b2b3 c7c5 e1d2 g7g6 d4c5 b8c6
425,a2a4 d7d5 b1a3 c8g4 a1a2 a7a5 e2e3 e8d7 d1e2 g8h6 f2f4 b7b6
426,c2c4 a7a5 g2g3 b8c6 d2d4 c6d4 b2b4 g7g6 f2f4 g8f6 d1b3 e7e6
427,d2d4 f7f6 g2g3 g7g5 c2c4 h7h5 c1g5 f6g5 d1c2 b7b6 c2g6
428,a2a4 b8a6 b1c3 a8b8 a1a2 g7g6 e2e3 g8f6 a2a3 h8g8 e1e2 f6d5
429,a2a4 f7f5 h2h3 e7e5 d2d4 f8c5 d4e5 d7d5 c2c3 g7g6 h1h2 b7b6
430,a2a4 e7e6 g2g3 e6e5 f2f4 b7b6 b1c3 e5e4 e1f2 d7d5 d1e1 e8d7
431,e2e3 g7g6 f2f3 f7f5 c2c4 f5f4 g2g3 e8f7 d1c2 c7c5 b1c3 d8c7
432,c2c4 g7g6 g2g4 f7f5 g1f3 e7e5 d1c2 f8c5 f3d4 e8f7 h1g1 d8g5
433,d2d4 e7e6 e2e3 f7f6 e1e2 f8c5 d4c5 d8e7 a2a3 g7g6 b2b4 d7d6
434,a2a4 g7g6 h2h3 b7b6 b1c3 d7d5 a1a2 c8g4 h3g4 f7f5 h1h7 e8d7
435,g1f3 d7d6 d2d4 d6d5 f3g5 d8d6 a2a3 d6b4 c2c3 b4c3 c1d2 f7f6
436,g2g3 g7g5 b2b4 d7d6 f2f4 c7c5 d2d4 c8e6 a2a3 h7h5 b4c5 h8h6
437,b1c3 d7d5 e2e3 e8d7 g2g4 b8c6 f1a6 e7e6 d1f3 d8h4 f3e2 b7b6
438,g2g3 h7h6 e2e3 b7b5 f1b5 b8a6 e3e4 a8b8 f2f4 h8h7 h2h3 f7f5
439,g2g3 h7h5 e2e3 d7d5 f1c4 d5c4 b2b3 c7c5 d2d4 g7g5 c2c3 a7a6
440,a2a3 b8a6 d2d4 e7e6 b2b4 f8b4 a3b4 b7b5 g2g3 h7h5 e1d2 g7g6
441,b1c3 d7d5 e2e3 e8d7 f2f4 e7e6 f1c4 d5c4 g2g3 b7b6 d1h5 g7g6
442,d2d4 f7f6 g2g4 b7b5 d4d5 c7c5 b2b3 d7d6 c1g5 b8c6 b1a3 c6a5
443,h2h3 b7b5 b1a3 d7d5 a1b1 e8d7 g2g4 e7e6 d2d3 d7c6 b2b4 f7f5
444,a2a3 e7e5 d2d4 f7f5 d4e5 g7g6 c2c4 f5f4 d1c2 f8b4 e1d1 a7a5
445,c2c4 e7e6 h2h3 b8a6 d2d4 f8b4 b1d2 b4d2 e1d2 d8f6 d4d5 a8b8
446,c2c4 d7d5 g2g3 g7g6 c4d5 g8f6 d1c2 c7c6 c2c4 c6c5 c4c5 d8d5
447,a2a4 d7d5 e2e3 e8d7 a1a2 b7b6 f2f4 b8a6 d1e2 d8e8 f4f5 c8b7
448,e2e3 g7g5 b1c3 f8h6 f1d3 e8f8 d3e4 d7d6 a2a4 c8e6 a1a2 g8f6
449,d2d4 f7f6 g2g4 e7e6 d4d5 b8a6 g1f3 g7g6 a2a4 e6e5 b2b4 f6f5
450,g2g3 b7b5 e2e4 h7h6 g3g4 b5b4 e1e2 d7d5 e2f3 c8g4 f3g4 d5e4
451,d2d4 f7f6 c1g5 e7e6 c2c3 f8a3 b1d2 d7d6 d2c4 b8d7 g1f3 d7b8
452,d2d4 g7g6 h2h4 d7d5 g1f3 c7c6 h1g1 d8a5 f3d2 c8g4 b2b4 b8d7
453,e2e3 a7a5 f1b5 b8c6 b2b3 e7e6 d2d4 e8e7 e1e2 b7b6 e2d2 g7g5
454,g2g3 c7c5 c2c4 b7b5 d2d4 h7h6 h2h3 d7d5 e2e4 e8d7 f1d3 h8h7
455,c2c4 b7b6 d2d4 a7a5 d1c2 f7f6 b2b4 a8a7 e1d2 c8a6 f2f3 e7e6
456,c2c4 d7d5 g2g3 h7h5 c4d5 g8f6 g3g4 c7c5 b2b4 h5g4 h2h3 g7g6
457,g2g3 h7h6 e2e3 c7c5 b1a3 g8f6 h2h3 d7d5 h1h2 d8d7 a1b1 d7a4
458,g2g3 f7f5 c2c4 g7g6 f2f4 e8f7 f1h3 d8e8 e2e3 e7e6 d2d4 b7b6
459,d2d4 d7d5 g2g3 h7h5 c2c3 b7b6 c1g5 g8f6 b2b4 h8h6 f2f4 b6b5
460,c2c4 b7b6 d2d4 d7d5 c1g5 a7a6 e1d2 a8a7 b2b3 c8b7 b3b4 e7e6
461,g2g4 f7f5 a2a3 e7e5 d2d4 a7a5 c1g5 a8a6 g5h4 a6d6 c2c4 b7b6
462,d2d4 g8f6 b2b4 d7d5 f2f4 g7g6 g2g3 f8g7 g1f3 c7c6 h2h4 b7b5
463,c2c4 d7d5 g2g4 c8g4 d2d3 c7c5 d3d4 d8c8 b2b4 f7f6 d1c2 h7h6
464,c2c4 b8c6 d2d4 e7e6 h2h3 f8b4 c1d2 a8b8 d2b4 c6b4 h1h2 b4d3
465,d2d4 e7e6 c2c4 f7f6 g2g3 f8b4 d1d2 g7g5 g1f3 g5g4 h1g1 e8f8
466,d2d4 e7e6 e1d2 f7f5 e2e3 g7g6 b2b3 b7b5 g2g3 d7d5 c1b2 c7c6
467,c2c4 h7h6 h2h3 b7b5 d2d4 d7d5 h1h2 b5c4 b2b4 f7f5 c1g5 a7a5
468,c2c4 d7d5 g2g3 a7a6 d1b3 h7h6 c4d5 c7c6 b3b5 c8g4 e1d1 h8h7
469,g2g3 h7h6 d2d4 g7g5 c1g5 a7a5 e1d2 g8f6 b2b3 h6g5 d1e1 d7d5
470,c2c4 h7h6 d2d4 d7d5 h2h3 g8f6 h1h2 g7g5 c1g5 h6g5 g1f3 b8a6
471,b2b3 e7e6 g2g3 h7h5 f2f4 d8f6 e2e3 g7g6 e3e4 e8d8 f1h3 b8a6
472,a2a3 a7a5 d2d4 b8a6 c1g5 e7e6 a1a2 a8a7 b2b4 f8b4 d1d2 f7f6
473,d2d4 g7g6 h2h3 d7d5 g1f3 c7c6 b2b3 b7b5 h1h2 e7e5 g2g4 f8h6
474,d2d4 d7d5 g2g3 h7h6 c2c3 g8f6 f2f4 g7g6 e2e3 c7c6 f1c4 b7b5
475,g2g3 c7c5 f2f4 h7h6 b1a3 d7d5 f4f5 b7b5 a1b1 c5c4 e2e3 d5d4
476,g2g3 f7f5 f1h3 g7g6 d2d4 h7h6 c2c4 b8a6 e1f1 e7e5 d4e5 h6h5
477,b1c3 d7d5 e2e3 e8d7 a1b1 b7b6 e1e2 d7e8 a2a4 c8h3 b2b4 a7a5
478,e2e3 c7c5 g2g3 g7g6 b1a3 d7d5 f2f3 f7f5 d2d4 c5c4 g3g4 e7e6
479,d2d4 e7e6 e1d2 f7f5 b2b4 g7g6 g2g3 e6e5 c2c3 e5e4 a2a4 g8e7
480,f2f3 g7g6 b2b4 e7e5 c2c4 f7f6 d1c2 b8a6 e2e3 g8h6 e1d1 b7b5
481,b1a3 a7a5 a1b1 b8c6 e2e3 d7d6 e3e4 h7h6 g2g4 e7e6 d2d3 e8e7
482,h2h3 d7d5 b1a3 f7f5 e2e3 a7a5 a1b1 g8f6 g2g4 h7h5 f1e2 h8h7
483,d2d4 g7g6 e2e4 a7a6 f2f4 f7f5 e4e5 e7e6 g1f3 h7h6 c2c4 f8c5
484,g2g3 g7g6 f2f4 f7f5 b2b4 h7h5 h2h4 b7b5 h1h3 c7c5 c2c3 d8c7
485,d2d4 a7a6 h2h3 g7g5 c1g5 a6a5 b2b4 h7h6 c2c3 a8a7 d4d5 h6g5
486,e2e3 g7g6 b1c3 d7d5 f1b5 c7c6 f2f4 c8g4 f4f5 g4d1 f5g6 h7g6
487,g2g3 h7h6 f2f4 a7a5 d2d4 a8a7 b2b4 b8a6 d4d5 h8h7 f4f5 a6c5
488,d2d4 b8a6 a2a4 e7e6 e1d2 f7f6 b2b3 a8b8 e2e3 a6b4 d1h5 g7g6
489,c2c4 a7a6 g2g3 b7b6 h2h4 h7h5 b2b4 g7g5 f2f3 d7d5 e1f2 d5d4
490,a2a4 b7b5 d2d4 d7d5 f2f3 c7c6 a4a5 g8h6 e1f2 e8d7 b2b4 d7e8
491,h2h4 e7e5 f2f4 d8e7 c2c4 b8a6 g2g3 e8d8 c4c5 a8b8 b1a3 e5e4
492,d2d4 d7d5 e1d2 g7g5 b2b3 f8g7 e2e3 b7b5 f1b5 c7c6 g1h3 c8h3
493,c2c4 h7h5 d2d4 a7a6 d1a4 c7c6 h2h4 d7d5 g1f3 d8d6 h1h3 d6c7
494,e2e3 b8c6 f2f3 e7e6 g2g3 g7g5 b1a3 a7a5 f1c4 f8c5 e1f2 d7d6
495,h2h3 a7a5 a2a3 a8a7 a1a2 f7f5 f2f4 b8a6 e2e3 c7c5 a3a4 g7g6
496,a2a4 e7e6 g2g3 a7a5 d2d3 e6e5 f2f4 b8c6 d3d4 e5d4 c2c3 g7g5
497,d2d4 b8a6 c2c4 e7e6 c1g5 a8b8 g2g3 f8c5 d4c5 g7g6 e1d2 d8f6
498,c2c4 b8a6 g2g3 e7e6 d2d4 d7d6 d1d2 b7b6 e1d1 d8d7 f2f3 g7g5
499,g2g3 d7d5 d2d4 c8g4 c2c4 a7a6 d1d3 b8c6 c4c5 g4f3 d3b3 h7h5
500,g2g3 h7h5 f2f4 d7d5 e2e3 g8h6 b2b3 b7b5 d1h5 h8h7 d2d4 h6g4
501,a2a4 e7e5 f2f4 g7g5 f4g5 h7h6 b1c3 g8f6 e1f2 h8g8 d2d4 e8e7
502,h2h3 e7e6 g2g3 b8a6 b2b3 f8c5 f2f4 d8e7 e2e3 b7b5 f1c4 e7g5
503,d2d4 b8a6 a2a4 f7f6 e1d2 a8b8 d2e3 a6c5 d4d5 b7b5 g2g4 c5a4
504,h2h4 d7d5 d2d4 c7c6 g1f3 h7h5 h1g1 h8h6 f3h2 g8f6 a2a3 c8g4
505,c2c4 b8c6 d2d4 e7e6 e1d2 f7f5 e2e3 f8c5 g2g4 e8e7 f1h3 d7d5
506,d2d4 e7e6 g2g3 b8a6 c2c4 d7d5 h2h4 f8c5 d4c5 c7c6 f1g2 e8e7
507,d2d4 b8a6 c2c4 d7d5 c1g5 d8d7 b2b3 d5c4 e1d2 a8b8 g5h6 b8a8
508,d2d4 g7g5 c1g5 d7d5 g5d2 e8d7 g2g4 b7b6 d2f4 e7e6 f4c7 f7f5
509,b1a3 b7b5 e2e3 d7d6 e3e4 e8d7 f2f4 c7c6 d2d3 d8c7 e4e5 b5b4
510,d2d4 h7h5 e2e3 g7g6 b1a3 g8f6 e1e2 c7c6 g1f3 d7d5 h2h3 h8g8
511,a2a3 b8a6 d2d3 a6b8 b2b4 d7d5 g2g4 b7b5 h2h4 c8d7 c1f4 d7g4
512,a2a4 d7d5 b1a3 c8g4 f2f4 c7c6 a1a2 a7a6 g1h3 d8d7 h3f2 h7h6
513,g2g3 h7h5 g3g4 g7g6 b2b3 c7c6 g1f3 h5g4 b3b4 f7f5 h2h3 d7d6
514,d2d4 b8a6 a2a3 e7e6 e1d2 f7f5 d2e3 g8h6 a3a4 a6b8 b1a3 d8g5
515,d2d4 e7e6 c1g5 b8a6 c2c3 a8b8 b2b4 f8c5 g2g3 e6e5 d4c5 f7f5
516,h2h3 d7d5 d2d4 b8c6 a2a3 a7a6 c1g5 c8g4 b1d2 h7h6 d2f3 h6g5
517,a2a4 a7a5 h2h3 a8a7 b1a3 b8a6 a1a2 e7e6 d2d3 e8e7 h1h2 h7h6
518,e2e3 g7g5 d1e2 d7d6 b1a3 g5g4 f2f4 f7f5 b2b3 c7c5 c2c4 e7e6
519,c2c4 d7d5 g2g3 f7f6 d1c2 b8a6 f2f3 g7g6 d2d4 b7b5 c4c5 e7e6
520,b1a3 b8a6 a3c4 e7e6 d2d3 f7f5 a2a4 a6c5 e1d2 g7g6 c4e3 d8h4
521,c2c4 g7g5 d2d4 d7d5 g1f3 d5c4 f3g5 a7a6 g2g4 c8g4 f2f4 h7h6
522,c2c4 b7b6 g2g3 g7g6 d2d3 e7e5 g3g4 f7f5 b2b4 d7d5 b1d2 c7c5
523,b1a3 g7g6 h2h4 f7f5 g1f3 e7e5 h1g1 f8h6 b2b4 c7c6 d2d3 d8h4
524,b1c3 d7d5 e2e3 e8d7 f2f3 b7b6 f1b5 c7c6 c3b1 d7e8 b5e2 g7g6
525,c2c4 b8a6 c4c5 d7d5 f2f3 f7f6 b2b4 g7g6 a2a3 b7b5 d1c2 a6b4
526,d2d4 d7d5 c1g5 a7a6 g5c1 h7h5 f2f3 g8f6 b1c3 g7g6 b2b4 g6g5
527,c2c4 b8a6 b2b4 a6b4 g2g4 a8b8 d1c2 f7f5 g4g5 e7e5 a2a3 e5e4
528,f2f3 g7g5 f3f4 g5g4 b1c3 c7c6 g1h3 h7h6 e2e4 d7d5 d1g4 h6h5
529,b2b4 a7a5 c2c4 e7e5 f2f3 f7f5 g2g3 g7g6 h2h3 g8f6 f3f4 h8g8
530,g2g3 b7b5 f2f4 h7h6 e2e4 f7f5 d2d4 h8h7 h2h4 b8a6 f1h3 a6b8
531,d2d4 c7c5 b2b4 b7b5 c1g5 f7f6 h2h3 f6g5 g2g3 c5c4 g1f3 d7d6
532,c2c4 b7b5 d1c2 c7c6 a2a3 d7d5 a1a2 c6c5 e2e4 d5e4 g2g4 e7e5
533,d2d4 e7e6 e1d2 f7f6 d2e1 b7b5 g2g3 d7d6 c2c4 c7c5 d4c5 e6e5
534,e2e3 h7h5 b2b3 g7g6 d1g4 c7c6 g4g6 g8f6 f1c4 f7g6 b1a3 b7b5
535,b1a3 g8f6 e2e3 d7d6 g2g3 h8g8 f2f4 h7h5 d1f3 b7b5 f3a8 e8d7
536,h2h3 d7d5 a2a3 c8g4 h3g4 a7a5 d2d4 b7b6 h1h7 a8a6 c1g5 f7f6
537,d2d4 e7e6 c2c4 b8a6 h2h3 f8c5 d4c5 d8e7 d1d7 e8d7 g2g4 f7f5
538,d2d4 g7g6 c1g5 d7d5 a2a3 e7e6 g1f3 f7f5 c2c3 f8c5 d4c5 d5d4
539,a2a3 e7e5 a1a2 f7f5 h2h3 g7g5 f2f4 g5f4 b2b3 b7b5 e2e3 b5b4
540,c2c4 b7b5 b2b3 f7f6 f2f3 e7e6 e2e3 g7g6 g2g3 b5c4 d2d4 f6f5
541,b2b4 d7d5 c2c4 g7g6 g2g4 c7c5 c4d5 f8h6 h2h4 g8f6 g1f3 b7b5
542,c2c4 g7g6 c4c5 f7f5 h2h3 e7e5 d2d4 f5f4 d4e5 f8c5 a2a4 c5f2
543,d2d4 d7d5 g1f3 e7e6 e1d2 f7f5 g2g4 b7b5 c2c3 g8h6 b2b4 c8d7
544,c2c3 a7a5 d2d4 g7g5 c1g5 a8a7 c3c4 b8a6 g5c1 d7d6 d1d3 h7h5
545,g2g3 b7b5 f2f4 d7d5 d2d4 h7h5 g3g4 e7e6 g1f3 h5g4 f4f5 f7f6
546,c2c4 d7d5 f2f3 c8g4 e2e3 g7g6 d1e2 a7a6 c4c5 h7h6 e2d1 c7c6
547,c2c4 a7a6 d2d4 d7d5 e2e3 e8d7 f2f4 f7f5 d1d3 b7b6 d3d2 e7e6
548,g2g3 d7d5 e2e3 c7c5 f1b5 d8d7 a2a3 g7g6 d2d3 g8f6 a3a4 d7b5
549,b2b4 h7h6 d2d4 e7e5 g2g4 g7g5 d4e5 g8f6 b4b5 c7c6 c2c3 a7a5
550,g2g4 d7d5 d2d4 b7b5 h2h3 c8d7 b2b3 e7e6 b1c3 f7f5 b3b4 f8c5
551,a2a3 a7a5 a3a4 b8c6 d2d4 a8a7 c1g5 c6d4 e1d2 f7f5 b2b3 d4b3
552,g2g3 d7d5 e2e3 g8f6 f2f4 c7c5 f1c4 d5c4 b1a3 c8g4 f4f5 g7g6
553,c2c4 c7c5 f2f3 g7g6 d2d4 d7d5 c4d5 c8g4 b2b4 d8d7 d1c2 e7e6
554,a2a3 h7h6 a1a2 d7d5 h2h3 b7b5 g2g4 c8d7 b1c3 d7g4 h3g4 h6h5
555,g2g3 h7h6 f2f4 f7f5 e1f2 e8f7 h2h4 d8e8 d1e1 d7d5 c2c3 e7e5
556,c2c4 g7g6 g1f3 f7f5 h2h3 b8a6 c4c5 a6c5 a2a4 a7a6 g2g3 h7h5
557,d2d4 g8f6 c1g5 b8c6 c2c4 h7h6 g1h3 a7a5 d1c2 e7e6 h1g1 f6g8
558,c2c4 g7g5 g2g4 g8f6 d2d4 f6g4 c1g5 h7h5 h2h4 d7d5 f1h3 h8g8
559,a2a4 b7b5 b1c3 d7d5 d2d3 f7f6 h2h3 f6f5 g2g3 a7a5 e2e3 h7h6
560,c2c4 b7b5 h2h3 d7d5 c4d5 h7h5 d1c2 h8h7 a2a3 g8f6 e1d1 c8d7
561,g2g3 h7h6 b1a3 a7a5 a1b1 g7g6 e2e4 f7f5 h2h3 e8f7 g1f3 d8e8
562,g2g3 h7h6 e2e4 f7f5 e4e5 c7c5 d2d3 d8c7 d3d4 h6h5 b1a3 g7g6
563,d2d4 a7a5 b2b4 a8a7 c2c3 h7h6 e1d2 e7e6 g2g3 b8c6 d1c2 d8e7
564,c2c4 d7d5 h2h3 h7h6 c4d5 a7a5 d1c2 b8c6 e2e4 a8b8 f1a6 e7e5
565,e2e3 g7g6 g2g3 f7f5 f1a6 e7e5 f2f4 b7b5 h2h4 f8d6 a6c8 d6a3
566,h2h3 d7d5 d2d4 b7b6 b2b4 e8d7 c2c3 c7c5 b4c5 b6c5 d4c5 d8c7
567,e2e3 a7a5 c2c4 g7g6 f2f3 c7c5 e3e4 d7d5 e4d5 g6g5 g2g3 d8b6
568,d2d4 e7e6 c1g5 d7d5 g5f4 c7c5 g2g3 b7b5 b2b4 f7f5 h2h3 c5c4
569,d2d4 f7f6 c1g5 e7e6 c2c3 f6g5 h2h3 b8a6 d4d5 a8b8 h1h2 d8f6
570,g2g3 a7a6 f2f4 c7c6 a2a3 d7d5 a1a2 h7h6 f4f5 b7b5 d2d3 c8f5
571,a2a4 c7c5 b1c3 c5c4 h2h3 g7g6 g1f3 g6g5 f3g5 g8f6 h1g1 d7d5
572,a2a4 e7e5 h2h4 f7f6 d2d4 d7d5 g2g4 e5e4 g1f3 c8g4 c1g5 f8a3
573,a2a4 e7e5 f2f4 f7f6 a1a3 c7c5 c2c4 e5f4 d1c2 d8c7 g2g4 b7b5
574,g2g3 h7h6 e2e3 d7d5 b1a3 h8h7 f1c4 a7a5 f2f4 b8d7 d2d4 f7f5
575,c2c4 e7e6 g2g4 g7g6 h2h3 b8a6 g1f3 f8a3 b2b4 a3b4 c4c5 f7f5
576,d2d4 d7d5 e2e3 e8d7 c2c3 d8e8 b2b3 b7b6 f2f4 f7f5 f1a6 g7g6
577,h2h4 b7b5 f2f4 h7h6 e2e4 f7f5 d1e2 c7c5 e2d3 d8c7 g2g3 g7g6
578,e2e4 f7f5 e4e5 g7g6 g2g4 e7e6 d2d3 d8h4 c2c4 h7h5 g4g5 e8e7
579,c2c4 a7a6 f2f3 d7d5 c4d5 c7c6 g2g3 h7h6 e2e4 d8c7 g3g4 c8g4
580,d2d4 e7e6 c2c4 d7d5 g2g3 d5c4 b2b4 f7f5 c1g5 f8b4 b1d2 g8f6
581,e2e3 d7d6 e3e4 d6d5 g2g4 c7c6 h2h3 c6c5 f2f4 b7b5 d2d3 d8c7
582,d2d4 e7e6 c1h6 g7g5 c2c3 b8a6 h6g5 f8c5 d4c5 a8b8 b2b3 f7f5
583,a2a4 d7d5 d2d4 c8g4 c1d2 b7b6 b1c3 e7e5 d1c1 e8d7 d2g5 f7f6
584,g2g4 b7b5 d2d3 d7d6 e1d2 g7g6 b2b3 c7c5 h2h4 f8h6 d2c3 e7e5
585,c2c3 g7g6 h2h4 f7f5 c3c4 h7h5 f2f4 b8c6 d2d3 e7e6 a2a4 d8g5
586,h2h3 d7d5 b1c3 c8h3 a2a4 e8d7 h1h3 e7e5 b2b3 d7e7 d2d4 b7b5
587,e2e3 g7g6 e3e4 f7f5 e4e5 e8f7 d2d3 d7d5 d3d4 c7c5 f2f3 d8e8
588,a2a3 g7g6 h2h4 h7h6 a3a4 b7b6 b1c3 f7f5 e2e3 c7c5 e1e2 d8c7
589,a2a4 d7d5 a1a3 b7b6 e2e4 d5e4 d2d4 c7c6 c1h6 e7e6 g2g3 g7g6
590,a2a3 d7d5 d2d4 f7f6 c1g5 b7b5 h2h4 f6g5 b1d2 g8h6 d2c4 b5c4
591,d2d4 a7a6 e1d2 a8a7 b2b3 f7f5 e2e3 c7c6 h2h3 f5f4 b1c3 d7d6
592,d2d4 a7a6 b2b4 d7d5 a2a3 h7h5 e1d2 h8h6 d2e3 b8c6 h2h4 b7b5
593,d2d4 e7e6 b2b4 d7d5 g2g3 f8c5 c2c3 b7b6 f1h3 e8d7 e1f1 f7f5
594,h2h4 g7g6 b2b4 f7f5 d2d4 e7e5 d4e5 d8g5 d1d5 g5d2 b1d2 f8e7
595,d2d4 d7d5 e1d2 f7f6 e2e3 e8d7 f2f3 b7b5 b2b3 g7g6 a2a3 e7e6
596,b2b3 e7e6 b3b4 g7g6 a2a4 c7c5 d2d4 h7h5 b4c5 f7f5 h2h4 b7b6
597,d2d4 h7h6 c2c3 a7a5 h2h3 a8a6 c1g5 h6g5 f2f4 a6g6 d1c2 b8a6
598,b1c3 d7d5 e2e3 e8d7 f2f4 e7e6 f4f5 b7b6 g2g3 b8a6 b2b4 a6c5
599,a2a4 d7d5 b1a3 b7b5 g2g3 g7g6 f2f4 g8f6 a4b5 h7h5 e2e4 h8h7
600,d2d4 g7g5 c1g5 d7d5 a2a3 f7f6 c2c3 b7b5 b2b4 f6g5 g1f3 b8a6
601,d2d4 a7a6 c1g5 c7c5 h2h3 c5d4 b2b4 d8c7 c2c3 a8a7 d1c1 f7f6
602,d2d4 d7d5 a2a3 e8d7 c1g5 b7b6 b1c3 a7a5 h2h4 b8a6 h1h3 a6c5
603,g2g3 g7g5 f2f4 c7c5 e2e4 d7d5 f1b5 b8d7 b1c3 d5e4 f4g5 d8c7
604,d2d4 a7a6 c1g5 g7g6 e2e4 d7d5 f2f3 h7h6 f1c4 h6g5 e1f2 h8h6
605,g2g3 d7d5 e2e3 g8f6 f2f3 h7h6 b1a3 b7b5 f1b5 c7c6 b5c4 d8d6
606,c2c3 b8a6 d1c2 a8b8 a2a4 e7e6 d2d3 d7d5 g2g3 e6e5 d3d4 f7f6
607,c2c4 d7d5 c4d5 c8g4 f2f3 c7c6 a2a3 h7h5 a1a2 h8h6 d1c2 g4f3
608,a2a4 e7e5 f2f4 f7f6 b1a3 g7g5 e1f2 g5g4 g2g3 e8e7 d1e1 e7e6
609,d2d4 e7e6 c2c4 g7g6 g1h3 f7f6 c4c5 f8c5 h3g5 c5b4 b1d2 f6g5
610,d2d4 e7e6 c1g5 b8a6 e1d2 f7f6 a2a4 f8c5 d4c5 e6e5 d2e3 a8b8
611,a2a4 b7b5 b1a3 d7d6 a1a2 e8d7 c2c3 d8e8 f2f4 c7c5 a3b1 g7g6
612,a2a4 b7b5 h2h3 g7g5 e2e4 d7d6 f2f4 c7c5 a1a2 h7h6 f1b5 b8d7
613,b2b4 d7d5 d2d4 c7c6 e1d2 c8g4 b1c3 b7b5 d2e3 a7a5 e3f4 e8d7
614,b2b4 d7d5 c2c4 e8d7 f2f3 d7d6 d1c2 h7h6 c2b3 b7b5 c1b2 c8g4
615,h2h4 d7d5 d2d4 e8d7 g1f3 b7b6 h1h3 c7c5 g2g3 a7a6 d4c5 b6c5
616,e2e3 b7b5 f2f3 g7g6 g2g4 h7h5 e3e4 d7d6 f3f4 c8b7 f1h3 b7e4
617,d2d4 e7e6 d1d2 g8h6 b1a3 g7g6 e1d1 d8e7 g2g4 f7f6 d4d5 h6g4
618,d2d4 d7d5 e1d2 e8d7 f2f3 f7f6 b2b3 b7b5 d1e1 c7c5 a2a4 g7g6
619,g2g3 h7h6 e2e3 g7g6 f2f4 f7f5 f1a6 c7c5 h2h3 b7b5 e1f2 d8c7
620,b1a3 b8a6 d2d4 f7f5 b2b4 e7e6 a3b1 d8f6 h2h3 f6g5 a2a4 a6b8
621,b2b4 d7d5 e2e3 e8d7 d2d4 b8c6 e1e2 b7b5 c1a3 c8a6 c2c3 a6b7
622,d2d4 a7a6 b2b4 h7h6 c1g5 a8a7 h2h3 f7f5 g5f4 g7g5 f4g5 f5f4
623,d2d4 e7e6 c1g5 g8h6 e1d2 f7f6 a2a4 c7c5 a4a5 d8c7 d2e1 b7b5
624,d2d4 e7e6 e1d2 f7f5 a2a4 g8h6 b1c3 h6g8 d1e1 f8c5 d4c5 g7g6
625,d2d4 a7a6 f2f3 g7g5 b2b4 a8a7 c2c4 e7e6 d1c2 b8c6 c4c5 d7d5
626,g2g3 a7a5 c2c4 b8a6 d2d4 a8a7 g1f3 f7f5 b2b3 h7h6 h2h4 g7g6
627,h2h3 g7g6 a2a4 e7e5 d2d4 f7f5 d4e5 d7d5 c2c4 f5f4 c1f4 a7a6
628,b1c3 d7d5 g1h3 d8d7 a2a4 d7g4 a1a2 g4e4 e2e3 b7b6 h3g1 a7a5
629,b2b4 a7a6 d2d4 d7d5 c2c4 c8g4 g2g3 h7h6 f2f3 b8c6 f3g4 g7g6
630,b2b4 b7b5 d2d4 e7e6 c2c3 a7a5 c1g5 b8a6 d1c2 a8a7 g5d8 f7f6
631,b2b4 d7d5 e2e3 g7g6 f2f3 h7h5 c2c4 g8f6 e3e4 d5c4 d1b3 c7c6
632,b1c3 e7e5 e2e3 g7g6 e1e2 g8f6 c3d5 c7c6 d5f6 e8e7 d2d3 e5e4
633,d2d4 g7g6 h2h4 e7e6 b2b3 d8h4 h1h3 h4f2 e1d2 g6g5 a2a3 f7f6
634,a2a4 f7f5 g2g3 g7g6 f2f4 h7h5 b1a3 b7b5 e1f2 d7d5 d1e1 g8f6
635,a2a3 d7d5 c2c3 g7g5 d2d4 f7f6 c1g5 f6g5 h2h4 g8f6 d1d2 h7h5
636,e2e3 f7f6 g2g3 b7b5 f2f4 c7c5 d2d4 d8c7 d4d5 b8c6 f1h3 a7a6
637,e2e3 d7d5 g2g3 c7c6 e1e2 a7a5 b2b3 a5a4 f2f3 g7g6 a2a3 g8f6
638,c2c4 g7g6 a2a3 f7f5 a1a2 e7e5 d1c2 f8a3 f2f4 e8f7 b2a3 g8f6
639,a2a4 c7c5 b1c3 b7b5 a1a2 d8c7 e2e4 c5c4 a4b5 h7h5 a2a1 a7a6
640,d2d4 d7d5 d1d3 c8g4 f2f3 b7b6 d3h7 b8c6 e1d2 b6b5 b2b3 g7g6
641,c2c4 h7h6 d2d4 d7d5 f2f3 a7a6 b2b4 d5c4 g2g3 c8g4 d1c2 g7g5
642,a2a4 c7c5 g2g4 d7d5 a1a2 c8g4 d2d3 g4h3 b1d2 h3g2 f2f3 d8b6
643,g2g3 b7b5 e2e4 e7e5 f2f4 f7f5 d1e2 d7d5 f1h3 d5e4 e2g4 e5f4
644,h2h3 h7h5 b2b4 d7d5 h3h4 d8d7 g2g4 h5g4 g1f3 b7b5 d2d4 g4f3
645,d2d4 g7g5 c1g5 d7d5 c2c4 a7a6 a2a3 b8d7 d1c2 a8a7 a1a2 e7e5
646,c2c3 c7c5 d2d4 e7e6 g2g3 f7f6 d1d3 e6e5 d4e5 d8c7 d3g6 e8d8
647,d2d4 e7e6 g2g3 d7d5 e1d2 b7b6 b1c3 e8e7 d1e1 f7f5 b2b4 c8d7
648,d2d4 e7e6 a2a4 f7f5 c1g5 d8g5 c2c4 f5f4 g2g3 g7g6 h2h4 a7a5
649,e2e3 f7f5 c2c4 g7g6 f2f3 d7d5 g2g3 d5c4 d1c2 e7e5 f1c4 h7h5
650,a2a4 e7e6 b1c3 g7g6 g1f3 b7b6 g2g3 d8h4 a1a2 e8e7 h1g1 h4f6
651,e2e3 e7e6 d1h5 g7g6 e1e2 d8h4 b1c3 f8a3 g2g3 a7a6 c3b5 a6a5
652,b2b4 b8c6 d2d4 a7a5 b4a5 e7e6 e1d2 f7f6 e2e3 f8c5 g2g3 b7b6
653,d2d4 e7e6 c2c4 a7a5 g2g3 f7f6 h2h4 f6f5 c1g5 f8b4 b1d2 a8a6
654,d2d4 g7g6 c2c4 f7f5 f2f3 e7e5 d1d3 h7h5 d4e5 d7d6 d3b3 f8g7
655,h2h3 b7b5 d2d3 f7f5 b2b4 d7d5 g2g4 g8h6 e2e3 h6g4 h3g4 f5g4
656,c2c4 a7a6 d1c2 d7d5 c4d5 c8g4 f2f3 h7h5 f3g4 h8h7 c2e4 c7c6
657,e2e3 d7d5 b1a3 e8d7 f2f4 c7c6 g2g3 b7b6 g1e2 g7g6 h2h3 d8e8
658,a2a4 d7d5 b1a3 e8d7 a1a2 b7b6 f2f3 f7f6 c2c3 e7e5 a4a5 d7e6
659,b2b4 g7g6 d2d4 f7f5 h2h4 e7e5 g2g4 e5d4 g1f3 d7d6 b4b5 g8f6
660,a2a4 d7d5 b1a3 b7b6 h2h4 e8d7 a3c4 d5c4 f2f4 a7a6 g2g3 a6a5
661,h2h3 e7e6 g2g3 b8c6 f2f4 e8e7 b2b4 a7a5 c2c4 g8f6 d1c2 d7d5
662,d2d4 a7a6 c1g5 d7d5 f2f3 g7g6 e2e4 d5e4 f3e4 f7f5 g2g4 e7e6
663,g2g3 b7b5 f2f4 c7c5 d2d4 f7f6 h2h4 d8c7 d4c5 g7g5 f4g5 d7d6
664,f2f3 h7h6 b2b4 g7g5 d2d3 d7d6 c2c4 a7a5 d1c2 a8a7 h2h4 b8c6
665,d2d4 f7f6 c1g5 f6g5 f2f4 e7e6 f4g5 f8c5 d4c5 a7a6 b2b4 e6e5
666,g2g3 a7a5 b2b4 g7g5 f2f4 g5g4 h2h3 h7h5 d2d4 b8a6 e2e4 g8f6
667,a2a4 b7b5 b1c3 d7d5 e2e4 g8f6 f1b5 c8d7 f2f4 h7h5 c3b1 d5e4
668,b1c3 d7d5 e2e3 d5d4 a1b1 h7h5 d1h5 h8h5 e1e2 c8g4 f2f3 g4f5
669,d2d4 d7d5 d1d2 a7a6 f2f3 b8d7 e2e3 f7f5 d2b4 b7b6 b1a3 g7g6
670,a2a4 f7f5 b1c3 e7e5 f2f4 g7g6 a1b1 e5e4 e1f2 b7b6 f2e3 c7c6
671,e2e3 g7g6 g2g3 h7h6 f2f4 f7f5 b1a3 b7b5 a1b1 a7a5 a3c4 f8g7
672,a2a4 d7d5 b1a3 b7b5 h2h3 h7h5 a1a2 h8h6 d2d3 c7c5 h3h4 g8f6
673,d2d4 g7g6 g1f3 f7f5 f3g5 d7d5 f2f4 b7b5 b2b4 h7h6 c1d2 c7c6
674,b2b4 a7a6 f2f3 a6a5 d2d4 b8a6 g2g3 f7f5 c2c4 e7e6 e1f2 f8c5
675,f2f3 h7h6 c2c4 a7a5 d2d4 b8a6 b2b4 a8b8 e1f2 h8h7 d1b3 e7e6
676,e2e3 g7g6 b2b4 d7d6 f2f3 g6g5 c2c4 c8g4 d1c2 b7b5 c2b3 f7f6
677,a2a4 e7e6 b1c3 g7g5 e2e4 e8e7 e1e2 d7d6 c3b1 e6e5 h2h3 f7f6
678,g2g3 a7a5 f2f4 h7h6 e2e4 b8c6 g1f3 c6b4 f3d4 b4d3 e1e2 d3c5
679,h2h3 d7d5 e2e3 c7c5 b2b3 g8f6 f1b5 d8d7 f2f4 c5c4 b3c4 d5c4
680,e2e3 e7e6 f1a6 g8h6 a2a3 g7g6 b1c3 h6g4 a3a4 f8a3 a1a2 d7d6
681,b1c3 b7b5 a2a4 d7d6 g2g4 c8g4 a1a2 b5b4 f2f3 e8d7 f3f4 e7e5
682,d2d4 d7d5 c1g5 f7f6 b1a3 b7b5 a3c4 b5c4 g2g4 f6g5 e2e3 g7g6
683,f2f4 a7a5 a2a3 b8a6 a3a4 h7h6 g2g3 h8h7 e2e3 f7f5 b1c3 a8a7
684,h2h3 d7d5 b2b3 b7b5 b3b4 h7h5 b1a3 c8g4 a1b1 h8h6 e2e4 g8f6
685,c2c4 e7e5 f2f3 f7f6 g2g4 g7g5 d1c2 f6f5 a2a3 b8c6 a1a2 e8f7
686,g2g3 h7h6 e2e3 c7c6 f2f3 d7d5 f1c4 g7g6 c4b5 h6h5 d2d3 d8c7
687,d2d4 e7e6 g2g3 f8c5 c2c4 c5d4 f2f3 g7g6 h2h4 c7c5 f3f4 d7d6
688,a2a4 d7d5 b1a3 h7h6 f2f3 e8d7 a1a2 a7a5 b2b3 a8a6 d2d4 b7b6
689,h2h3 d7d5 f2f4 h7h6 f4f5 b7b6 e2e4 d5e4 f1e2 c7c6 c2c4 e7e6
690,a2a3 b8a6 b1c3 a8b8 a3a4 e7e6 e2e3 g7g5 e1e2 h7h6 c3e4 g5g4
691,b2b4 g7g6 f2f3 b7b5 d2d3 f7f5 h2h3 e7e5 h1h2 g6g5 d3d4 d7d5
692,g2g4 a7a5 d2d4 b8c6 g4g5 e7e6 b2b4 c6e7 h2h4 e7g6 h1h3 a8b8
693,c2c4 f7f6 d1b3 e7e5 g2g4 f6f5 f2f4 d8g5 e2e3 e8e7 a2a4 e7f7
694,a2a3 g7g6 h2h4 f7f5 d2d4 a7a6 h1h3 a8a7 d1d2 g6g5 c2c3 g5g4
695,e2e3 g7g5 b1a3 f8g7 d1h5 g8h6 f2f4 a7a6 h5f3 b8c6 f1c4 a6a5
696,g2g4 a7a5 d2d3 b8c6 b2b4 g7g5 b4b5 a8a6 e1d2 d7d6 c2c3 c6e5
697,f2f4 e7e6 e2e4 f7f5 g2g3 g7g6 h2h3 h7h6 e1f2 h6h5 e4e5 e8f7
698,c2c4 g8h6 g2g4 h6g4 h2h3 d7d5 c4d5 h7h5 h3g4 c7c5 h1h3 h8h7
699,a2a3 g8h6 d2d4 d7d5 f2f4 g7g6 b2b3 b7b5 b3b4 h6g4 c2c4 f8g7
700,d2d4 f7f6 a2a3 d7d5 a1a2 b7b5 f2f3 c7c5 b1d2 b5b4 d2c4 d8c7
701,g2g3 h7h6 g1f3 d7d5 a2a3 g8f6 c2c4 b7b5 e2e3 a7a6 a1a2 b5c4
702,a2a4 d7d5 b1c3 e8d7 a1a2 b7b6 c3d5 e7e6 f2f4 a7a5 d5b6 c7b6
703,g1h3 f7f5 h3g1 e7e5 f2f4 h7h6 a2a3 e5e4 a1a2 c7c6 b2b4 a7a5
704,d2d4 d7d5 f2f4 c7c6 f4f5 e7e6 c2c4 d5c4 g1f3 g7g5 a2a3 a7a6
705,g2g4 g7g6 e2e4 f7f5 f2f4 e7e6 g4g5 h7h6 f1a6 c7c5 b1a3 h6g5
706,d2d4 e7e6 e1d2 f7f5 a2a4 g7g6 b1a3 d8e7 e2e3 e7h4 h2h3 d7d5
707,d2d4 e7e6 c1e3 f7f5 c2c3 f8c5 e3g5 g7g6 h2h3 f5f4 d4c5 e6e5
708,g2g3 g7g6 f2f4 f7f5 e1f2 e7e6 a2a4 d7d5 b1a3 b7b5 f2f3 d5d4
709,a2a4 b7b5 d2d4 d7d5 a4a5 h7h5 b1c3 b8c6 c1g5 g8f6 g5f6 g7g5
710,g2g3 a7a5 d2d4 g8f6 c2c4 d7d5 g1f3 b7b5 b2b4 h8g8 f3g1 h7h5
711,b2b4 e7e5 d2d4 f7f5 d4e5 g7g5 c2c3 b8a6 h2h3 a6b8 b4b5 f8g7
712,b2b4 e7e5 f2f4 g7g5 f4g5 f7f6 e2e4 f6g5 g2g4 d7d6 g1f3 e8e7
713,g2g3 h7h6 f2f4 f7f5 a2a3 a7a5 c2c4 d7d5 d1b3 g7g5 b3f3 e7e6
714,d2d4 f7f6 f2f4 b8a6 e2e4 f6f5 h2h3 e7e6 d4d5 g7g6 g2g3 a6c5
715,g1f3 d7d5 d2d4 c8g4 g2g3 h7h5 h1g1 d8c8 b2b4 g8f6 g1h1 c7c6
716,a2a4 c7c5 b1c3 e7e6 e2e3 f7f6 g2g3 b7b5 a4b5 g7g6 f1c4 d8c7
717,b2b4 e7e5 d2d4 f7f5 d4e5 f8d6 h2h3 f5f4 e5e6 d6e5 g2g4 b7b5
718,c2c4 b7b5 d2d4 f7f6 f2f3 a7a5 c1g5 b8a6 d1c1 e7e6 d4d5 a8a7
719,d2d4 b7b6 c1g5 c8a6 h2h3 d7d5 c2c4 e7e6 b2b4 f8b4 b1d2 d8g5
720,d2d4 b8c6 a2a3 d7d5 b1c3 e7e6 a3a4 f7f6 g2g3 c6e5 d4e5 a8b8
721,f2f4 d7d5 f4f5 a7a6 d2d4 h7h6 b1a3 b8d7 e2e4 a8a7 a3c4 f7f6
722,g2g3 g7g6 f2f4 f7f5 e1f2 e8f7 d1e1 a7a5 g3g4 f8h6 g4g5 a8a6
723,b1c3 e7e6 g1h3 e8e7 a2a3 e6e5 d2d4 g7g6 d4e5 f7f6 g2g4 c7c5
724,b1c3 d7d5 a2a4 g7g6 c3e4 c7c5 a1a2 d8c7 e4c5 b7b5 f2f3 c7h2
725,e2e4 d7d5 f2f4 c7c5 f1c4 d5e4 d2d4 f7f5 e1f1 b7b5 c4d5 c5d4
726,e2e3 c7c5 b1a3 d7d5 f1b5 d8d7 a3b1 g8f6 f2f3 h8g8 g2g4 h7h5
727,c2c4 e7e5 d1c2 b8c6 f2f3 e8e7 e2e4 g7g5 f3f4 h7h6 g2g3 g5g4
728,b2b4 c7c5 b1c3 h7h6 h2h3 c5b4 e2e4 d7d5 e1e2 h6h5 a2a4 g7g6
729,c2c4 a7a6 d2d4 d7d5 g1f3 b8c6 b2b4 c8g4 e2e3 h7h6 b4b5 e7e6
730,d2d4 e7e6 c1g5 b8a6 c2c3 a8b8 e2e3 h7h6 g2g3 g7g6 e1e2 d8e7
731,c2c4 a7a6 e2e4 a8a7 g1f3 c7c5 b1a3 d8b6 g2g3 b6b4 f3g5 b8c6
732,a2a4 c7c5 b1c3 e7e6 g2g3 f7f6 f2f4 e6e5 h2h3 b7b5 e2e4 b5b4
733,d2d4 d7d5 c1g5 f7f6 f2f4 c8e6 e2e4 b8d7 b1a3 a8b8 a1b1 c7c5
734,d2d4 d7d5 b1a3 e8d7 c2c3 b7b6 b2b4 e7e6 g2g3 f8b4 g1f3 f7f6
735,d2d4 f7f6 c1g5 f6g5 c2c4 d7d5 c4c5 b7b5 b1d2 g7g6 g2g4 c8f5
736,d2d4 f7f6 h2h3 e7e6 c1g5 d7d5 c2c4 b7b6 c4d5 e6d5 b1c3 b8c6
737,d2d4 e7e6 g2g3 f8c5 c2c4 e6e5 f2f4 c5b4 b1d2 e5e4 c4c5 f7f5
738,a2a4 f7f5 b1c3 e7e5 h2h3 g8f6 c3a2 g7g6 f2f4 c7c5 g2g3 e5f4
739,c2c4 b7b5 f2f3 d7d5 c4d5 g7g5 h2h4 a7a6 e2e4 c7c6 d1c2 d8d5
740,d2d4 e7e6 g2g3 f7f6 b2b4 g7g5 a2a4 g5g4 e1d2 e6e5 e2e3 h7h5
741,d2d4 d7d5 c1g5 b7b5 b1d2 g7g6 d2c4 b5c4 a2a3 b8a6 g1f3 f7f5
742,d2d4 d7d5 c1g5 d8d7 h2h3 d7d8 a2a3 h7h5 h3h4 b8d7 a3a4 a7a6
743,c2c4 a7a6 e2e3 d7d5 f2f3 g8h6 e3e4 c8g4 d1c2 d5d4 b1a3 d8c8
744,c2c4 a7a6 f2f3 b8c6 b2b3 f7f5 g2g3 b7b5 h2h3 b5c4 b3b4 c6d4
745,d2d4 e7e6 e1d2 f7f5 a2a4 f8c5 a4a5 g7g6 b2b3 e6e5 d4c5 f5f4
746,g2g3 b7b5 f2f4 h7h6 c2c3 h8h7 e1f2 d7d5 b2b4 a7a5 f4f5 b8c6
747,d2d4 b8c6 e1d2 b7b5 d2e3 d7d5 e3f3 f7f6 b2b4 c6e5 f3g3 c8b7
748,c2c4 d7d5 c4d5 a7a5 g2g3 c8g4 d1c2 b8d7 c2b3 h7h5 b3b4 g4f3
749,d2d4 d7d5 a2a3 f7f6 c1g5 f6g5 b2b4 b8a6 a1a2 e7e5 c2c3 a8b8
750,b2b4 e7e5 h2h4 e8e7 d2d4 b7b5 c2c3 g8f6 g1f3 d7d6 h1h2 e5e4
751,a2a3 d7d5 d2d4 f7f5 e2e3 g8f6 a1a2 b7b5 b1d2 g7g6 f2f4 b5b4
752,c2c4 a7a6 d1c2 d7d5 c2e4 g8h6 b2b4 c8g4 f2f3 d5c4 e4c4 a8a7
753,a2a3 h7h5 b1c3 d7d5 g2g4 g8h6 d2d4 h6g4 c1f4 b7b5 b2b4 g4f6
754,a2a4 d7d5 e2e3 h7h6 b1c3 b7b5 h2h3 a7a5 f1e2 c8h3 g1h3 b8c6
755,g2g3 a7a5 c2c4 b8a6 d2d4 f7f5 h2h3 g7g6 a2a4 a8a7 b2b3 e7e6
756,d2d4 h7h6 a2a4 d7d5 f2f3 c8g4 a4a5 g7g5 f3g4 b8c6 b1c3 b7b6
757,d2d4 d7d5 c1g5 g7g6 a2a4 b7b6 a4a5 e8d7 e1d2 f7f6 b2b4 c8a6
758,h2h3 b8a6 e2e3 d7d5 d1e2 a6c5 b1a3 a7a5 f2f3 e7e6 g2g4 d8h4
759,e2e3 g7g6 b2b4 e7e5 d2d4 g8f6 f2f3 f8d6 b1a3 d6f8 f1c4 g6g5
760,g2g3 h7h6 e2e3 g7g6 h2h3 b7b6 f1a6 c7c6 e3e4 f7f5 f2f4 e8f7
761,g2g3 d7d5 e2e3 h7h5 h2h4 a7a6 d2d4 c7c6 b1a3 c8g4 f2f4 g7g6
762,a2a4 c7c5 e2e4 d7d5 f2f3 g7g5 f1b5 d8d7 d2d3 d5e4 c2c4 e7e5
763,c2c4 d7d5 g2g3 a7a6 c4d5 c7c6 h2h4 h7h6 d1c2 c8g4 h1h3 b8d7
764,h2h3 b7b5 g1f3 d7d5 b2b4 c8g4 d2d3 a7a6 h3g4 a8a7 f3g5 e7e6
765,b2b4 g8h6 c2c4 d7d5 g2g4 h6g4 f2f3 a7a6 e2e3 d5c4 e3e4 a8a7
766,d2d4 e7e6 a2a4 d7d5 c1e3 b7b6 e1d2 e8d7 e3g5 b6b5 a4a5 f7f6
767,b2b4 a7a6 e2e4 b8c6 g2g3 a6a5 a2a4 e7e6 f2f4 e8e7 f1a6 a5b4
768,d2d4 f7f6 c1h6 e7e6 e1d2 c7c5 d4c5 e6e5 g2g4 b8c6 h2h4 d8c7
769,e2e4 f7f5 h2h3 f5e4 g2g3 h7h6 c2c3 g8f6 b2b3 f6h7 d2d4 b7b5
770,c2c4 e7e5 e2e3 f7f6 f2f3 g7g5 b2b4 b7b5 g2g3 b5c4 d2d3 f8b4
771,b1c3 d7d5 a2a3 c7c6 a3a4 g7g5 a1a2 c6c5 e2e4 d5e4 g1e2 d8d3
772,d2d4 d7d5 f2f3 g7g5 c1g5 b7b5 a2a3 f7f6 a1a2 f6g5 b1d2 b5b4
773,e2e3 g7g6 f1c4 h7h5 e3e4 f7f5 e4e5 h8h6 e1e2 b8c6 a2a4 a7a5
774,d2d4 b8c6 g1f3 b7b5 b2b4 c6d4 a2a3 d4f3 e2f3 c8b7 b1d2 a8b8
775,b2b4 d7d5 e2e3 h7h5 d2d4 g8f6 e1e2 b8a6 b1a3 c7c6 h2h3 h8g8
776,b2b4 g7g6 h2h3 d7d6 d2d4 b7b6 c2c3 b8a6 d1a4 b6b5 c1h6 e7e6
777,g2g4 d7d5 c2c4 a7a6 c4d5 c8g4 d1c2 c7c6 f2f3 f7f5 d5c6 d8d4
778,h2h3 c7c6 d2d4 d7d5 a2a3 h7h5 c2c3 g8f6 a1a2 h8g8 f2f4 b8d7
779,g2g3 h7h6 g3g4 f7f5 c2c4 f5g4 h2h3 g8f6 e2e3 d7d5 d2d3 d5c4
780,e2e3 f7f6 b1c3 e7e6 h2h3 f8a3 f1a6 d7d5 g2g3 b7b6 f2f4 a3c5
781,g2g4 g7g5 c2c4 g8f6 d1c2 f6g4 g1f3 f7f6 c2g6 h7g6 h2h4 c7c5
782,d2d4 e7e6 e1d2 f7f6 b1c3 e8e7 f2f3 b7b5 d2e3 d7d5 c3d5 e7d7
783,h2h3 d7d5 d2d4 a7a5 b2b4 a5a4 c2c3 b8c6 e1d2 d8d6 e2e3 c8g4
784,b2b4 b7b5 f2f3 e7e6 c2c4 g7g5 d1c2 f7f6 e1d1 h7h5 a2a4 e8e7
785,b2b4 d7d5 f2f3 c8g4 a2a3 h7h6 f3g4 b8c6 d2d4 b7b5 e2e3 f7f6
786,g2g3 f7f5 a2a4 e7e5 f2f4 g7g5 f4e5 g5g4 h2h3 h7h6 b1c3 b7b6
787,d2d4 e7e6 e1d2 d8e7 g1h3 f7f5 d1e1 g7g6 h3g1 f5f4 e1d1 d7d5
788,b1c3 d7d5 a2a4 a7a6 e2e3 e8d7 e1e2 b8c6 d1e1 d7e8 g1f3 c8h3
789,b2b4 b7b5 c1b2 d7d5 e2e3 e7e5 f1b5 e8e7 b5f1 c8h3 f2f3 g8h6
790,c2c4 b7b5 d1c2 d7d5 c4d5 a7a6 f2f3 b8c6 e2e4 g7g5 g2g4 g8h6
791,a2a4 d7d5 d2d4 e7e6 e1d2 f7f6 b1c3 b7b5 b2b3 e8e7 h2h3 c8a6
792,h2h3 d7d5 b1a3 c7c5 a1b1 d8c7 e2e3 b7b6 f2f4 a7a6 f1b5 e8d8
793,c2c4 g7g6 f2f3 f7f5 h2h3 b8a6 h1h2 e7e5 d2d4 f8d6 d4e5 f5f4
794,a2a4 c7c5 b1c3 d8b6 h2h3 d7d5 b2b3 a7a6 d2d4 h7h5 a4a5 h8h6
795,g2g3 g7g6 f2f4 f7f5 h2h3 h7h6 e1f2 e7e5 g1f3 b7b5 e2e4 b5b4
796,b2b3 e7e6 g2g3 g7g6 b3b4 e6e5 e2e3 f7f5 h2h3 e5e4 e1e2 c7c5
797,a2a4 c7c5 d2d4 d7d5 a4a5 g7g6 h2h4 b7b5 g1f3 b8a6 h1h2 f7f5
798,d2d4 g7g6 h2h4 d7d5 g1f3 g6g5 g2g4 f7f5 f3e5 h7h5 c2c4 a7a6
799,h2h3 d7d5 b1a3 c8g4 h3g4 e7e6 g2g3 d8c8 a1b1 c8d8 d2d4 b7b6
800,b1c3 b7b5 b2b4 g7g5 h2h4 d7d6 h4g5 h7h6 f2f4 g8f6 d2d4 h6g5
801,a2a3 d7d5 d2d4 c8g4 f2f3 e7e5 c2c4 f7f6 c4c5 b8d7 a1a2 g4h5
802,a2a4 a7a5 c2c3 a8a7 g2g3 b8c6 g1f3 b7b5 d2d4 d7d6 c3c4 f7f6
803,d2d4 b8a6 e1d2 f7f6 b2b3 c7c5 d4c5 d8c7 c5c6 a6b8 a2a3 d7d6
804,a2a4 d7d5 b1a3 c7c5 e2e3 h7h6 f1b5 d8d7 b2b3 c5c4 g1h3 d7b5
805,b2b4 d7d5 d2d4 h7h5 b1a3 c8g4 f2f3 c7c6 f3g4 h8h6 a3c4 d8d7
806,d2d4 e7e6 g2g3 b8a6 e1d2 a8b8 b2b3 d8e7 e2e3 g8h6 h2h3 e8d8
807,e2e3 b8c6 f1a6 e7e6 e1e2 d8h4 d2d3 h4g4 g1f3 e8e7 a2a4 b7a6
808,d2d4 e7e6 g2g3 f7f6 f2f4 f8c5 g1f3 c5b4 b1c3 b8c6 d1d2 a7a5
809,d2d4 g7g6 c1g5 c7c5 c2c4 c5d4 h2h4 a7a6 g1f3 d8c7 a2a3 e7e5
810,f2f3 g7g5 f3f4 g5g4 e2e4 f7f5 b1c3 h7h6 h2h3 e7e6 f1c4 b7b5
811,d2d4 e7e6 e1d2 f7f6 e2e3 b7b6 a2a3 c7c5 f2f3 b6b5 b2b3 g7g6
812,d2d4 g7g6 g1f3 f7f5 h2h3 e7e6 c2c4 f8b4 d1d2 d7d5 e1d1 f5f4
813,f2f4 h7h6 e2e4 b8c6 g2g4 f7f5 f1a6 f5g4 h2h3 d7d5 e4d5 a8b8
814,d2d4 b8a6 a2a3 e7e6 e1d2 f7f5 b2b3 f8b4 b1c3 b4c3 d2c3 d8e7
815,e2e3 g7g6 b1c3 d7d5 f1c4 c7c6 h2h3 d5c4 e3e4 d8c7 h3h4 e8d7
816,d2d4 e7e6 c1g5 b8a6 e1d2 a8b8 g5e7 f8e7 a2a4 g7g6 b1c3 f7f6
817,a2a4 b7b6 b1c3 d7d5 a1a2 e8d7 f2f3 d7e6 f3f4 c7c6 c3d5 g7g6
818,g1f3 a7a6 g2g3 d7d5 e2e4 b7b5 e4d5 d8d7 c2c4 b5c4 f1c4 f7f6
819,b2b3 b7b6 e2e3 f7f5 d2d4 e8f7 a2a3 g7g6 e1d2 b8a6 a3a4 d8e8
820,c2c4 d7d5 g2g3 a7a6 c4d5 c8g4 d5d6 h7h5 d6e7 c7c6 g1f3 g4f3
821,d2d4 e7e6 g2g3 d7d5 e1d2 f8b4 c2c3 h7h6 f1g2 c7c5 b2b3 g7g5
822,g2g3 h7h6 e2e3 a7a6 f1c4 b7b5 b1a3 d7d5 e3e4 c8f5 a1b1 f5g4
823,a2a4 e7e5 e2e3 f7f5 b1c3 f8a3 e1e2 g7g6 d1e1 c7c6 b2a3 e5e4
824,b2b4 g7g6 c2c4 f7f5 h2h3 f8g7 b4b5 h7h6 f2f3 e7e5 d1c2 g7f8
825,b2b4 e7e5 d2d4 f7f6 g2g4 a7a6 c2c4 f8b4 d1d2 g7g5 d4e5 b4e7
826,b2b4 g7g6 f2f3 f7f5 c2c4 e8f7 d1b3 d8e8 e1d1 b8a6 c4c5 f7f6
827,h2h4 b7b5 g2g3 d7d5 f2f4 h7h6 e2e4 c8g4 d2d3 c7c6 d1f3 d8d6
828,b2b4 d7d5 b1a3 g7g5 d2d4 f7f5 c2c3 g8f6 a3c4 c7c5 a1b1 e7e5
829,g2g3 h7h6 b2b4 f7f5 b1a3 a7a5 a1b1 e7e5 f2f4 e8e7 e2e4 b8a6
830,d2d4 h7h6 c1g5 h6g5 a2a3 b8a6 c2c4 a8b8 c4c5 g7g6 e1d2 e7e6
831,d2d4 e7e6 c1g5 d7d5 g5c1 b7b5 e1d2 f7f5 b2b3 g7g6 b1a3 f5f4
832,b1c3 d7d5 a2a4 g7g6 g2g3 c7c6 d2d3 f7f5 d1d2 e8d7 a1a2 d8c7
833,e2e3 c7c5 f1b5 g7g6 g2g3 g8f6 e3e4 f8h6 f2f4 h8g8 b2b3 d8c7
834,g2g3 g7g6 h2h3 h7h6 b2b4 e7e5 f2f4 d7d5 g1f3 g8f6 e2e4 f6h5
835,b1c3 d7d5 e2e3 c8g4 a2a3 h7h6 a3a4 c7c6 a1a2 e7e6 f2f3 b7b6
836,g2g3 e7e6 c2c4 f7f6 g1f3 e6e5 f3e5 g8h6 f2f4 h6f5 d2d4 g7g5
837,a2a4 c7c5 a1a2 d7d5 f2f4 h7h5 f4f5 g8f6 d2d4 g7g6 b1d2 b8c6
838,a2a3 d7d5 d2d4 f7f6 a1a2 b7b5 c1e3 g7g6 b1d2 e7e6 e3g5 f6g5
839,g2g3 h7h6 c2c4 g7g6 d2d4 f7f5 a2a4 h6h5 h2h4 e7e5 g1f3 e5d4
840,d2d4 g7g6 g1f3 f7f5 c2c4 e7e5 d4e5 f5f4 h2h3 g8f6 g2g4 d7d6
841,h2h4 e7e6 g1f3 c7c5 c2c4 f7f6 e2e4 a7a6 d1c2 d8b6 g2g3 e6e5
842,d2d4 g7g6 c1g5 d7d5 b1a3 e8d7 a3c4 b7b6 c2c3 d5c4 h2h4 c7c6
843,e2e3 d7d6 d1h5 g8f6 h5d5 c7c5 f2f3 h7h5 d5f7 e8d7 c2c4 g7g6
844,c2c4 a7a6 d1c2 d7d5 c4d5 c8g4 f2f3 a8a7 e2e4 b8d7 f3g4 a6a5
845,b1c3 d7d5 a2a4 a7a6 a1a2 b7b6 e2e4 e8d7 e1e2 e7e6 e2f3 d7d6
846,b2b4 e7e5 c2c4 e8e7 f2f3 b8a6 g2g4 a8b8 e2e4 h7h6 d1c2 g8f6
847,b2b4 f7f6 g2g4 f6f5 c2c4 g7g6 f2f3 e7e5 a2a3 d8h4
848,g2g3 g7g6 f2f4 e7e6 b1a3 d8g5 f1g2 g5e7 a3b5 b7b6 g2a8 e8d8
849,d2d4 f7f6 e1d2 c7c5 b2b3 c5d4 a2a3 d8c7 e2e3 g7g5 g1e2 e7e6
850,d2d4 d7d5 c1g5 f7f6 e2e4 f6g5 b1d2 d5e4 g1f3 c7c5 f3h4 c5d4
851,d2d4 b8c6 c2c4 a7a6 c1g5 d7d5 b1c3 h7h6 c4c5 h6g5 h2h4 h8h4
852,d2d4 d7d5 e2e4 d5e4 f2f3 d8d7 g2g3 a7a6 f3e4 g8f6 f1a6 h7h5
853,b1a3 a7a5 h2h3 b8a6 a1b1 e7e6 g1f3 a8a7 d2d3 f7f6 g2g3 d8e7
854,a2a4 d7d5 b1a3 c7c5 e2e3 c8g4 f1b5 d8d7 a1b1 h7h5 f2f3 h8h6
855,d2d4 a7a6 a2a3 h7h6 b2b4 d7d5 f2f3 b8d7 c1h6 a8a7 a1a2 g7h6
856,a2a3 d7d5 d2d4 h7h6 b1d2 c8g4 g1f3 b7b6 f3g5 d8c8 a1a2 e7e6
857,g2g3 g7g6 e2e3 f7f5 f2f4 e8f7 b2b4 f7g7 f1a6 b8a6 a2a4 d8e8
858,g2g4 g8f6 g1f3 h7h5 c2c4 b8a6 f1h3 e7e5 f3e5 g7g6 d1c2 f8e7
859,b1c3 d7d5 a2a4 c8d7 g1h3 d7g4 a1a2 e8d7 e2e3 d7c8 b2b3 b7b6
860,d2d4 e7e6 c1g5 b8a6 g2g3 b7b5 a2a4 d7d5 e1d2 a6b8 b1c3 f8e7
861,g2g3 h7h6 d2d4 d7d5 b2b4 h6h5 g3g4 h8h6 h2h4 b8d7 e2e4 f7f5
862,b2b4 a7a6 d2d4 b7b5 e2e4 a8a7 b1a3 e7e5 c1g5 c7c6 a1c1 g7g6
863,e2e3 g7g6 f1c4 c7c5 g2g3 g8f6 e3e4 f6d5 f2f4 f7f5 c4a6 d5f4
864,g2g3 h7h6 e2e3 c7c6 f1b5 c6b5 d1f3 g8f6 f3f6 g7g5 f6f4 g5g4
865,d2d4 d7d5 g1h3 f7f6 f2f4 e8d7 h3g1 b7b5 g2g3 b8a6 g3g4 g7g6
866,g2g3 a7a5 d2d4 d7d5 h2h3 d8d6 g1f3 b7b5 c2c4 a5a4 c4c5 h7h5
867,d2d4 b8c6 b2b4 a7a5 c2c4 a8a6 c4c5 c6d4 g1f3 e7e6 h1g1 a5b4
868,h2h3 d7d5 e2e3 e8d7 f1b5 b8c6 g2g3 a7a5 f2f4 d7e6 c2c4 h7h6
869,g2g3 h7h6 e2e3 b7b5 e3e4 d7d5 d2d4 d5e4 f2f4 b8a6 d1h5 g7g5
870,d2d4 d7d5 b1a3 b7b5 b2b4 e8d7 f2f3 f7f6 a1b1 g7g6 g2g3 e7e6
871,g2g3 b7b5 f2f4 h7h5 e2e4 f7f5 e4f5 c7c5 e1f2 g7g6 d1e1 g8f6
872,h2h3 d7d5 a2a3 b7b5 b2b4 e7e5 c2c3 f8d6 d2d4 h7h6 c1h6 g7g6
873,d2d4 e7e6 c1g5 b8a6 a2a3 a8b8 h2h3 b8a8 e2e4 f8b4 e1e2 a6c5
874,d2d4 d7d5 c1g5 f7f6 c2c3 b7b5 g5h6 b8d7 e2e3 g7g6 g2g4 e7e6
875,b2b3 e7e5 f2f4 g7g6 b3b4 f7f5 f4e5 f5f4 g2g3 c7c5 b4c5 d8c7
876,b2b4 f7f6 e2e3 c7c5 f2f3 d8c7 g2g3 g7g5 g1h3 e7e6 h3g1 c7e5
877,d2d4 e7e6 a2a3 f8b4 a3b4 f7f6 c1g5 f6g5 c2c4 e6e5 b1d2 g7g6
878,g2g3 h7h5 f2f4 f7f5 a2a4 a7a5 h2h3 b8c6 b1a3 h8h7 a3b5 b7b6
879,a2a4 c7c5 d2d4 b7b5 b1d2 g7g6 d4c5 e7e5 h2h4 g6g5 h1h3 b5b4
880,a2a4 c7c5 b1c3 d7d5 b2b4 h7h6 c3a2 h6h5 a4a5 a7a6 d2d4 c5d4
881,d2d4 g7g6 h2h3 b8a6 a2a4 e7e6 c1g5 f8c5 d1d3 a8b8 d4c5 d8f6
882,d2d4 d7d5 e1d2 c7c6 b2b3 b7b5 e2e3 g8f6 d1e1 c6c5 f1c4 g7g6
883,b2b3 b8c6 d2d4 c6d4 e2e3 f7f5 d1d4 a7a6 h2h3 f5f4 d4d7 d8d7
884,b1c3 d7d5 a2a4 c7c5 a1a2 g7g6 e2e3 g8f6 f1c4 c8d7 e3e4 b8a6
885,d2d4 e7e6 g2g3 f7f6 a2a4 c7c5 a4a5 e6e5 f1h3 c5d4 e2e3 g7g6
886,b1c3 b7b5 a2a4 d7d5 e2e4 b5a4 e1e2 e8d7 b2b4 a4b3 g1h3 a7a5
887,c2c4 d7d5 f2f3 a7a6 e2e3 h7h6 b2b4 e7e6 d2d3 c7c6 b4b5 g7g6
888,e2e3 g7g6 f1c4 f7f5 c4f7 e8f7 h2h3 a7a5 d1h5 a8a7 b1c3 f7f6
889,c2c4 b8a6 c4c5 e7e5 d2d4 f7f6 g2g4 e5e4 h2h4 f6f5 d4d5 a6c5
890,d2d4 g7g6 h2h4 d7d5 g1f3 g6g5 h1h3 b7b5 b2b3 e8d7 c2c3 f7f6
891,g2g3 g7g6 f2f4 e7e6 e2e4 h7h6 f4f5 f8a3 f1a6 f7f6 a6b7 e6e5
892,d2d4 d7d5 b1c3 c8g4 d1d2 b8d7 a2a4 h7h5 h2h4 a7a5 d2d1 h8h6
893,d2d4 d7d5 f2f3 g7g5 c1g5 f8g7 b1c3 g7d4 d1d3 g8h6 h2h4 h6g4
894,d2d4 e7e6 c1g5 f8a3 e1d2 f7f5 e2e3 g7g6 d4d5 d8g5 d1e1 g5h6
895,b1c3 d7d5 a2a3 g7g6 g2g4 c8g4 a3a4 d8d7 e2e4 e7e5 f2f4 d7d6
896,d2d4 f7f6 h2h3 d7d5 g2g4 e8f7 e2e3 b7b5 b2b3 c7c5 d4c5 g7g6
897,h2h4 b7b6 e2e3 e7e6 b1c3 d7d5 e3e4 f8a3 e1e2 e8e7 d2d4 e7d7
898,a2a4 g7g6 b1c3 c7c5 h2h4 f8h6 g2g4 e7e5 g4g5 h6g5 e2e3 f7f6
899,c2c4 a7a6 g2g4 d7d5 g1f3 b8d7 h2h4 c7c6 f1h3 g8f6 f3e5 h8g8
900,a2a4 c7c5 b1c3 d8b6 g2g4 d7d5 f2f3 c5c4 a1a2 h7h5 e2e4 h8h6
901,d2d4 e7e6 d4d5 d8h4 g2g3 g7g6 e2e4 h4e4 g1e2 g8f6 c2c4 e6e5
902,g2g3 a7a6 a2a3 b8c6 d2d4 g7g5 c1g5 a6a5 h2h3 a8a6 c2c4 h7h6
903,d2d4 a7a6 g2g3 h7h5 b2b4 b8c6 h2h4 f7f5 c2c4 b7b5 a2a4 d7d5
904,d2d4 e7e6 g2g3 b7b5 c2c4 d7d6 d4d5 f7f6 h2h4 c7c5 d1c2 g8h6
905,d2d4 g7g6 c2c4 d7d5 g1f3 g6g5 c1g5 a7a6 b2b4 d5c4 h2h3 c7c6
906,b1c3 d7d6 a2a4 c8e6 f2f4 f7f6 a1a2 b7b5 e2e4 g7g5 a4b5 h7h5
907,d2d4 g7g6 c2c4 e7e5 d4e5 f8b4 b1d2 d7d5 d1c2 e8e7 a1b1 c8d7
908,d2d4 e7e6 c1g5 b8a6 c2c4 f8b4 b1d2 d7d5 a2a4 b4c3 g2g4 d8d6
909,b1c3 e7e5 b2b4 b7b6 e2e4 f7f5 e1e2 g7g6 g2g3 f5e4 f2f4 e4f3
910,b2b4 b7b5 d2d4 e7e6 e1d2 d7d6 c2c3 c8a6 f2f4 g7g6 d1c2 f7f6
911,b1c3 d7d5 e2e3 e8d7 f1b5 b8c6 e1e2 d8e8 a2a4 e7e5 d2d4 f8a3
912,b1a3 e7e5 f2f4 e8e7 g2g3 a7a5 c2c3 g8f6 a3c4 h8g8 a1b1 b8c6
913,a2a4 b7b5 b1a3 d7d5 f2f4 c7c5 a1a2 h7h5 a4a5 h8h7 c2c3 b5b4
914,g2g3 g7g6 f2f4 f7f5 a2a4 h7h5 e1f2 h8h6 f1g2 b7b5 c2c4 c7c6
915,a2a4 c7c5 d2d4 d7d5 a4a5 f7f6 g2g3 b7b5 b1d2 b8c6 h2h3 d8d7
916,d2d4 h7h5 c2c4 d7d5 c1g5 a7a6 c4c5 c8g4 a2a3 h8h6 d1c2 c7c6
917,d2d4 e7e6 c2c4 f7f6 c1g5 f8b4 b1d2 f6g5 d4d5 c7c5 b2b3 a7a6
918,e2e3 a7a6 a2a3 h7h5 a1a2 g8f6 f1b5 g7g6 e1e2 b8c6 a3a4 a6a5
919,b1a3 c7c5 e2e4 f7f5 e1e2 g7g6 e4e5 c5c4 g2g4 h7h5 d2d4 e8f7
920,d2d4 h7h6 c2c4 d7d5 c1g5 h6g5 d1b3 a7a6 e1d2 b8d7 a2a3 b7b5
921,b2b4 h7h5 d2d4 d7d5 f2f3 g8f6 g2g4 g7g5 f3f4 c7c6 f4f5 e7e6
922,g2g3 a7a5 d2d4 b8c6 c2c4 g8f6 d1c2 a5a4 f1g2 b7b5 c4c5 h7h5
923,d2d4 e7e5 d4e5 g7g6 b1c3 f8a3 c3b1 c7c6 b1d2 a3b2 g2g3 d7d6
924,b1c3 e7e5 a2a4 f8c5 e2e3 c5a3 a1a3 b7b6 g1e2 g7g6 e2g1 f7f5
925,a2a4 c7c5 h2h3 d7d5 b1c3 h7h5 a4a5 a7a6 g2g4 c8g4 h3g4 h8h6
926,b1c3 b7b5 a2a4 d7d5 a1a2 c8g4 c3d5 h7h5 e2e3 c7c6 a4a5 e7e6
927,c2c4 b7b5 b2b4 b5c4 d1a4 c8b7 g2g4 f7f5 a4c2 e7e5 f2f4 g7g5
928,g2g3 a7a5 c2c4 b8c6 g1h3 b7b5 d2d4 a8b8 h3g5 c6d4 d1c2 f7f6
929,b2b4 g8h6 c2c4 d7d6 f2f3 h6g8 d1c2 b8a6 e2e3 e8d7 c2a4 b7b5
930,b1c3 d7d5 a2a4 c8g4 a1a2 h7h6 e2e3 g4h3 f1a6 c7c6 d2d3 h3g2
931,a2a3 h7h6 d2d4 b8a6 g1h3 e7e6 d4d5 a6c5 b1c3 e6e5 h1g1 a8b8
932,a2a4 d7d5 b1a3 b7b5 b2b3 c7c5 b3b4 g7g6 f2f3 f7f5 a4a5 h7h6
933,h2h3 d7d5 d2d4 c8f5 h1h2 f5e4 c2c3 e7e6 b2b3 e8e7 c1d2 a7a6
934,b1c3 b7b5 a2a4 d7d5 a1a2 c8g4 e2e3 e8d7 c3d5 g4h3 f2f4 e7e6
935,g2g3 h7h5 f2f4 a7a5 c2c4 h8h6 e2e3 f7f5 h2h3 b8c6 d1c2 a8a6
936,g2g4 f7f5 c2c4 g7g6 g4f5 f8g7 f2f4 g7h6 h2h3 e7e5 d1c2 c7c5
937,b2b4 b7b5 d2d4 d7d5 g2g3 e7e5 f2f4 f7f5 e2e3 g7g6 d1g4 f5g4
938,g2g4 e7e6 c2c4 f7f5 g4g5 g7g6 f2f3 e6e5 f3f4 e8f7 b1c3 h7h6
939,e2e3 c7c5 e1e2 d8c7 b1c3 c5c4 d1e1 e7e6 b2b3 f7f6 c3d5 g7g6
940,b1a3 c7c5 g2g3 d7d5 f2f4 h7h5 b2b4 c8g4 f4f5 b7b5 a1b1 g8f6
941,b2b4 g7g6 f2f3 f7f5 h2h3 e7e5 c2c4 h7h6 f3f4 e8e7 b1c3 d7d6
942,a2a4 c7c5 d2d4 d8b6 a4a5 a7a6 h2h3 g7g5 c1g5 d7d6 g5f6 e8d7
943,g2g3 c7c6 f2f4 g8f6 e2e4 h7h6 d1g4 d7d5 e4e5 h8h7 b2b4 b7b6
944,a2a4 e7e6 b1c3 d7d6 g1f3 c7c5 g2g4 h7h5 d2d3 h8h7 e1d2 a7a5
945,b1a3 g7g6 a3b5 d7d5 b5d4 c7c5 h2h4 g6g5 h1h3 c8h3 h4g5 c5c4
946,a2a4 c7c5 b2b4 g7g5 d2d4 d8b6 b4c5 b6c5 c1g5 f8h6 c2c3 h6f8
947,g2g4 c7c5 c2c4 d7d5 d1b3 c8g4 d2d3 e7e5 c4d5 f7f5 f2f4 g7g6
948,g2g3 h7h6 b1a3 a7a5 a1b1 d7d5 e2e3 b8c6 b1a1 c6b4 d1e2 e7e5
949,d2d4 f7f6 e1d2 e7e6 b2b3 f8b4 b1c3 g7g6 a2a4 d8e7 e2e3 b4c3
950,h2h4 f7f5 a2a3 f5f4 b1c3 g8f6 e2e3 d7d5 c3d5 b8a6 d5c7 e8d7
951,b2b4 f7f6 b1c3 d7d5 c3a4 e8d7 f2f4 b7b6 a1b1 f6f5 e2e4 c7c5
952,g2g3 g7g6 h2h3 h7h6 b2b3 b7b6 e2e4 d7d6 h3h4 e8d7 f2f4 g8f6
953,b1c3 e7e5 a2a4 f8e7 a1a2 g7g6 h2h3 f7f5 f2f4 e7h4 g2g3 h4g3
954,b2b4 h7h6 g2g3 h6h5 d2d4 g8f6 e2e3 d7d6 f1a6 c8g4 c2c4 b8c6
955,c2c4 g7g6 d1c2 a7a6 f2f3 g6g5 c4c5 e7e5 d2d4 d7d5 c2h7 c8g4
956,g2g3 g7g6 f2f4 a7a5 e2e4 f7f5 g1f3 e8f7 c2c3 a8a6 h2h3 c7c6
957,g1h3 b7b5 a2a4 c7c5 f2f3 b5b4 g2g4 c8a6 f3f4 b8c6 b1c3 c6d4
958,h2h3 h7h5 e2e4 h5h4 e1e2 c7c6 d2d4 d7d5 g2g4 d8c7 c2c4 d5e4
959,a2a4 d7d5 b1c3 c7c5 b2b4 d8b6 a1a2 h7h5 e2e3 c8h3 e1e2 b6g6
960,h2h4 f7f5 c2c4 d7d5 g2g3 c7c5 b2b4 f5f4 e2e4 f4e3 f2e3 d8c7
961,a2a4 e7e6 b1c3 b7b6 a4a5 d7d5 f2f4 e8d7 c3d5 e6d5 a1a2 f7f5
962,h2h3 g7g6 b2b4 e7e5 h3h4 d7d5 d2d4 b7b5 d4e5 f7f5 b1c3 f5f4
963,c2c4 a7a6 e2e4 f7f5 f2f3 h7h5 g2g4 h8h6 d1c2 h5g4 d2d4 d7d5
964,g2g3 b8c6 e2e4 a7a5 g3g4 e7e6 d2d3 e8e7 e4e5 g7g5 d3d4 d7d5
965,d2d4 e7e6 c2c4 f8b4 b1d2 g7g6 g2g3 g8e7 g1f3 c7c6 b2b3 e6e5
966,d2d4 d7d5 b2b4 f7f5 e2e3 b8d7 f2f4 a7a6 f1b5 a6b5 e1e2 a8a7
967,a2a4 d7d5 b1c3 c7c5 b2b4 c5c4 a1a2 c8h3 a2a1 h3g2 f2f3 g2f1
968,g1h3 g7g6 d2d4 h7h6 c2c4 b7b5 c4c5 c7c6 h3g5 g8f6 d1c2 d7d5
969,c2c3 d7d5 c3c4 c8g4 e2e4 d5e4 f2f3 h7h6 f3e4 c7c6 d1c2 d8d7
970,a2a4 d7d5 b1c3 c7c5 e2e3 b8d7 e1e2 c5c4 e3e4 g8f6 e2e3 d8b6
971,d2d4 h7h6 c2c4 d7d5 g2g4 c8g4 b2b4 b7b5 d1d3 b5c4 e1d1 e7e6
972,a2a4 d7d5 h2h3 c7c5 b1c3 c8h3 b2b4 h3g2 h1h3 c5c4 d2d3 d8d7
973,b1c3 e7e5 a2a4 g7g6 g1f3 f7f5 g2g3 f8e7 f1g2 e7a3 f3e5 c7c5
974,b2b4 e7e6 d2d4 f8b4 b1d2 a7a6 h2h4 a8a7 g1f3 c7c6 h1h3 d8c7
975,c2c4 g7g6 g2g4 f7f5 d1c2 e8f7 g4g5 b8a6 h2h3 d8e8 f2f3 c7c5
976,b1c3 e7e5 e2e3 e8e7 c3d5 e7e6 e1e2 h7h6 d1e1 d7d6 d5f6 e6e7
977,h2h3 e7e5 d2d4 f8c5 d4e5 c5f2 e1d2 c7c6 c2c3 d7d5 a2a3 h7h6
978,b1a3 c7c5 g2g3 c5c4 b2b4 a7a5 f2f4 b8c6 e2e4 h7h6 b4a5 f7f5
979,a2a4 c7c5 b1c3 b7b5 a1a2 c5c4 c3d5 g7g6 e2e3 f7f5 f2f3 e7e6
980,h2h3 d7d5 b1a3 e8d7 f2f4 b7b6 a1b1 e7e6 b1a1 d5d4 c2c3 f8b4
981,b2b4 e7e5 f2f4 d7d5 c2c4 e5e4 d1c2 a7a6 g2g3 c8g4 d2d3 f8d6
982,g2g3 g7g5 h2h3 e7e5 f2f4 f8c5 e2e3 g5g4 d1g4 f7f5 e1d1 e5f4
983,h2h3 d7d5 g2g3 c7c6 b2b4 h7h6 c2c4 d5c4 b1a3 a7a5 d2d4 c4d3
984,h2h3 e7e6 c2c4 f8c5 g2g3 e8e7 d2d4 b7b5 c1g5 g8f6 f2f3 b8a6
985,a2a4 d7d5 b1c3 c7c5 e2e3 b8a6 a1a3 a6b8 f1e2 c5c4 g2g3 h7h5
986,d2d4 g7g5 c1g5 d7d5 c2c3 a7a6 a2a3 a8a7 h2h4 b8d7 g5e3 f7f5
987,g2g3 h7h5 f2f4 f7f5 h2h3 g7g6 b2b3 g8f6 e1f2 h8h6 c2c3 f6e4
988,a2a4 d7d5 b1c3 h7h5 a1a2 b7b6 e2e4 c7c6 e1e2 c8g4 e2e1 d5e4
989,g2g3 h7h6 g1h3 c7c5 h3g1 d8c7 d2d4 g7g5 f2f4 g5g4 e2e4 f8g7
990,d2d4 e7e6 c2c4 d8e7 g2g3 g7g6 f2f4 d7d6 c1e3 e8d8 b1c3 b8a6
991,g2g3 h7h6 e2e3 a7a5 b2b3 h8h7 d2d4 b8c6 c2c3 a8a7 f2f4 b7b5
992,c2c4 d7d5 d1c2 a7a6 b2b4 h7h6 e2e3 c8g4 d2d4 c7c6 e1d2 g7g6
993,d2d4 d7d5 b1c3 e7e6 e1d2 c7c5 b2b3 e8d7 a2a3 b7b6 d1e1 g7g6
994,f2f4 h7h6 g2g3 b8c6 e2e4 f7f5 f1c4 c6e5 e4f5 a7a5 e1e2 g8f6
995,h2h3 e7e6 b1a3 b8a6 f2f4 a8b8 e2e4 d7d5 a1b1 h7h6 e4d5 g8f6
996,h2h3 g7g5 b2b3 c7c6 a2a4 d7d5 h3h4 a7a6 d2d3 f7f5 h1h2 e7e5
997,g2g4 b7b5 a2a4 a7a6 b1c3 a6a5 c3d5 c7c5 a1a2 g7g5 f2f4 g8f6
998,a2a4 c7c5 b1c3 d7d5 e2e3 g7g6 f1b5 d8d7 g2g4 c5c4 g4g5 d7b5
999,a2a4 c7c5 b1c3 b7b6 b2b4 c5c4 c1b2 h7h6 d2d4 e7e5 d4e5 g7g6
1000,f2f3 h7h6 d2d4 b8c6 b1c3 a7a5 d1d3 b7b5 e2e3 a8b8 g2g3 g7g5
1001,e2e3 c7c5 d1e2 c5c4 g2g3 h7h5 f2f4 a7a6 e2h5 b8c6 e3e4 g8f6
1002,g2g3 h7h5 e2e3 h8h7 d1h5 g7g6 f1b5 g8f6 b5d7 c8d7 b2b3 c7c6
1003,g2g3 g7g5 f2f4 g5g4 a2a4 b8c6 b1c3 h7h6 e2e4 f7f5 h2h3 e7e5
1004,b1c3 e7e5 f2f4 d7d5 c3d5 e5e4 a1b1 c8g4 e1f2 c7c6 d1e1 h7h6
1005,h2h3 d7d5 e2e3 c7c5 e3e4 e7e6 f1b5 d8d7 g2g3 d7c6 a2a3 g7g6
1006,a2a4 f7f6 g2g4 e7e5 a1a2 g7g5 b1c3 f6f5 f2f4 b7b6 e1f2 e8f7
1007,b1c3 d7d5 a2a3 e7e6 c3d5 e6d5 a1a2 b7b6 d2d4 f8e7 e1d2 b6b5
1008,c2c4 d7d5 g2g3 b7b5 g3g4 c8g4 d1c2 h7h6 f2f3 h8h7 c4d5 c7c6
1009,d2d4 g7g6 h2h4 d7d5 h1h3 g6g5 h4g5 h7h5 b1d2 g8f6 a2a3 b7b5
1010,a2a3 b8c6 d2d4 b7b5 b2b4 e7e5 d4e5 a8b8 c2c3 g8e7 a1a2 g7g6
1011,a2a4 c7c5 b1c3 d8b6 b2b4 c5c4 h2h4 b6d4 c3b5 d4e5 d2d4 a7a6
1012,h2h3 d7d5 f2f3 h7h6 d2d3 c7c6 b2b4 b7b5 c1g5 d8d7 b1a3 f7f5
1013,h2h3 d7d5 g2g3 e8d7 c2c4 b7b6 d2d3 f7f5 d1a4 b6b5 g3g4 e7e6
1014,e2e3 c7c5 g2g3 g7g6 b1a3 f7f5 g3g4 b7b5 f2f4 f5g4 e3e4 g8f6
1015,d2d4 e7e6 a2a4 f8b4 b1c3 f7f6 h2h4 b7b6 h1h2 e8e7 c1g5 e6e5
1016,f2f3 e7e5 d2d4 g7g5 c1g5 f7f6 g5f6 f8b4 e1f2 b8a6 f6h8 a6c5
1017,a2a4 d7d5 f2f3 c8g4 a1a2 c7c6 e2e3 h7h6 b1a3 g8f6 f3g4 b7b5
1018,c2c4 d7d5 g2g3 h7h6 d1b3 a7a6 d2d3 c8g4 d3d4 h6h5 f2f3 g8f6
1019,g2g3 h7h5 g3g4 a7a5 c2c4 d7d5 d2d4 d5c4 d1c2 b8d7 e1d1 g7g5
1020,g2g3 h7h5 e2e3 h8h6 d1h5 c7c5 h5e5 d8c7 e1e2 b8c6 e5c7 c6b4
1021,d2d4 a7a6 a2a3 e7e6 b2b4 f8c5 e1d2 b8c6 e2e3 c6d4 g1f3 f7f6
1022,a2a3 a7a5 d2d4 e7e6 b2b4 g8h6 h2h3 b8c6 c1h6 g7h6 a1a2 f8e7
1023,d2d4 g7g6 h2h4 e7e6 c2c3 f8b4 c3b4 f7f5 a2a3 d7d5 h1h3 c7c6
1024,d2d4 d7d5 f2f3 f7f5 e1d2 h7h6 e2e3 b8c6 g2g4 b7b5 b2b3 f5g4
1025,h2h3 c7c5 d2d4 g7g5 c1g5 d8b6 c2c3 b6d8 g5f6 d8c7 f6e7 c5c4
1026,h2h3 b8c6 d2d4 e7e6 c2c3 a8b8 c1g5 d8g5 b1a3 g5d5 a1b1 d5g2
1027,c2c4 g7g6 g2g4 f7f5 h2h3 e8f7 g4g5 f5f4 f2f3 e7e5 e2e4 g8f6
1028,b1a3 a7a6 a1b1 b8c6 e2e4 c6b4 f2f3 e7e6 g2g4 a8a7 f1b5 h7h6
1029,a2a4 d7d5 c2c4 b7b5 b2b4 d8d6 e2e4 d5c4 a4a5 h7h6 f2f3 d6d4
1030,d2d4 b7b5 c1g5 c7c5 a2a3 g7g6 b1c3 e7e6 f2f4 f7f6 d4c5 h7h6
1031,d2d4 d7d5 f2f4 h7h6 e2e4 d5e4 h2h4 e7e6 g2g3 g7g5 d4d5 f8a3
1032,g2g4 d7d5 d2d4 g7g5 c2c4 b8d7 g1f3 c7c5 d4c5 d7c5 d1d2 a8b8
1033,d2d4 e7e6 c1g5 b8a6 c2c3 a8b8 h2h4 f8c5 h1h3 c5f8 b2b3 d8e7
1034,a2a3 d7d5 g2g4 f7f6 c2c4 c8g4 c4d5 a7a6 a1a2 g4c8 h2h4 b8c6
1035,d2d4 a7a5 c2c4 b8c6 d1b3 a8a7 c1h6 e7e6 e1d2 c6b4 c4c5 f7f6
1036,d2d4 e7e6 c1g5 f8b4 c2c3 b4c3 b2c3 b8a6 h2h3 a8b8 g2g3 d7d6
1037,d2d4 d7d5 f2f3 b8d7 b1c3 b7b5 h2h3 a8b8 b2b4 b8b7 a1b1 b7b8
1038,h2h4 f7f5 a2a4 d7d5 b1c3 c7c6 a1a2 c6c5 e2e3 b7b5 f1c4 d5c4
1039,g2g3 h7h5 h2h3 b7b5 b2b3 d7d5 d2d4 h8h7 c2c3 g8f6 c1h6 c7c6
1040,c2c4 d7d5 d1b3 a7a6 f2f3 d5d4 a2a4 h7h5 e2e4 h8h6 b3c2 b8c6
1041,g2g4 d7d5 e2e3 h7h6 d2d3 c7c6 g1h3 g8f6 h3g5 c8e6 b1d2 f6e4
1042,g2g3 h7h5 h2h3 d7d5 f2f4 c7c6 d2d4 h8h6 g1f3 h6h8 g3g4 c8g4
1043,b1a3 g7g6 h2h4 h7h6 h1h3 c7c6 d2d3 b7b6 a3c4 d7d5 c4a3 e8d7
1044,b2b3 g7g6 g2g4 f7f5 g4g5 b8a6 h2h3 e7e5 f2f4 e5e4 e1f2 d8g5
1045,d2d4 e7e6 c1g5 f7f5 c2c3 b8a6 e2e3 d7d5 f1a6 f8c5 h2h4 d8d6
1046,b1c3 d7d5 a2a4 c7c5 b2b4 c5c4 c3d5 d8d7 d5e7 a7a6 a1a2 d7c7
1047,e2e3 d7d5 b2b3 g7g6 f2f3 c8g4 d2d4 a7a6 e3e4 c7c6 e1d2 d5e4
1048,d2d4 g7g6 b2b3 b8c6 h2h4 e7e6 h1h3 f7f5 e2e4 c6b8 c1g5 d8g5
1049,c2c4 b7b5 d1c2 d7d5 e2e4 f7f5 c4d5 g7g6 h2h4 e7e5 g2g4 d8d7
1050,c2c4 e7e5 d2d4 d8f6 g1f3 f8b4 b1c3 b8c6 c1g5 f6f3 d1c2 e8f8
1051,e2e3 d7d6 f2f4 c7c5 g2g3 b7b5 f1b5 b8c6 d1e2 h7h6 e2f3 g7g5
1052,e2e3 c7c5 b1c3 g7g6 a1b1 c5c4 c3d5 e7e6 d2d4 g8f6 d1d2 b8c6
1053,b1c3 d7d5 a2a4 c7c5 b2b4 f7f6 a4a5 d8a5 e2e3 e8d8 g2g3 c8e6
1054,e2e3 c7c5 b2b4 g7g5 d2d4 d8c7 c2c4 b8c6 b4c5 b7b5 h2h3 c6e5
1055,b1c3 d7d5 a2a3 c7c6 c3a4 c8g4 a1a2 c6c5 d2d4 h7h5 e2e4 h8h6
1056,b1c3 d7d5 c3b1 e7e5 e2e3 e5e4 d2d4 c7c6 b2b3 g7g6 e1d2 c6c5
1057,h2h4 c7c5 d2d4 g7g5 c1g5 c5d4 h1h3 d8c7 d1d4 h7h6 d4c5 d7d6
1058,d2d3 f7f5 h2h3 e7e5 d3d4 h7h5 d4e5 g7g6 c2c3 d7d6 c1g5 d6e5
1059,g2g3 a7a5 e2e4 h7h5 f2f4 b7b6 d1h5 h8h6 f1a6 b8a6 e4e5 g7g6
1060,g2g4 f7f5 g4g5 g8f6 a2a4 e7e5 f2f4 b7b6 b1c3 h7h6 e1f2 d7d5
1061,c2c4 b7b5 d2d4 f7f6 b2b4 d7d5 h2h4 c7c5 d4c5 e7e6 d1b3 d8d6
1062,a2a4 c7c5 b1c3 d8c7 d2d4 b8c6 b2b4 b7b6 h2h4 d7d5 d4c5 e7e5
1063,d2d4 g7g6 c2c4 b7b5 h2h4 c7c6 c4c5 h7h6 c1g5 d7d5 d1b3 e7e5
1064,d2d4 f7f6 b1a3 e7e6 f2f4 f8b4 d1d2 g7g5 e1d1 g5g4 d2b4 b8a6
1065,g2g3 h7h5 g3g4 a7a5 g4h5 b8a6 c2c4 a8a7 d2d4 e7e6 c4c5 f8c5
1066,a2a3 g7g5 a3a4 c7c5 b1c3 g8f6 a1a3 d8c7 g1f3 g5g4 h2h3 c7d8
1067,d2d4 g7g6 c1g5 d7d5 a2a3 b8a6 g5f6 e7f6 c2c3 b7b6 g2g4 d8d7
1068,b2b3 g7g6 h2h4 d7d6 f2f4 e8d7 g2g4 g6g5 h4g5 d8e8 e2e4 g8f6
1069,b2b3 a7a6 c2c4 h7h5 d1c2 b8c6 c4c5 h8h6 d2d4 d7d5 e1d2 c8g4
1070,c2c4 d7d5 g2g4 a7a6 c4d5 b8c6 e2e4 c8g4 d1b3 g8f6 f2f3 d8b8
1071,d2d4 g7g6 h2h4 d7d5 a2a3 g6g5 c1g5 h7h6 c2c3 h6g5 g1f3 b7b5
1072,c2c4 g8f6 g1h3 g7g6 h3g1 b8a6 g1f3 a8b8 h1g1 g6g5 f3g5 f8h6
1073,g2g3 d7d5 e2e4 c8g4 d2d4 c7c6 f2f4 d5e4 d4d5 a7a5 c2c4 h7h5
1074,e2e3 c7c5 e3e4 g8f6 e1e2 g7g6 g1f3 c5c4 b2b3 d7d6 h2h3 e8d7
1075,h2h3 d7d5 b1a3 c7c5 b2b4 c8g4 a1b1 g4h3 g2g3 c5c4 e2e4 h3g4
1076,h2h3 c7c5 a2a3 d8c7 b1c3 d7d5 g2g4 c7c6 d2d4 c5c4 c1f4 b7b5
1077,g2g3 h7h6 c2c4 b7b6 c4c5 h8h7 g3g4 c7c6 d2d4 d7d5 h2h3 h6h5
1078,g2g3 f7f5 f2f4 h7h6 e2e3 a7a6 h2h3 a6a5 d1h5 g7g6 h5g6
1079,h2h4 b8a6 e2e4 a8b8 f1a6 e7e5 f2f4 g8f6 c2c3 f8d6 d1c2 d6e7
1080,h2h3 b8a6 g2g3 a8b8 f2f4 h7h6 f1g2 h8h7 g2f1 h7h8 e2e3 g7g6
1081,d2d4 d7d5 d1d2 a7a6 g2g3 d8d7 f2f4 h7h5 b2b4 h8h6 f4f5 c7c5
1082,a2a4 b7b5 b2b3 d7d5 b1a3 b5b4 a1a2 c7c5 e2e3 h7h5 f1c4 h8h6
1083,g2g3 h7h6 b1a3 a7a5 g1f3 b8c6 e2e3 h8h7 a1b1 b7b6 e3e4 d7d5
1084,g2g3 h7h5 e2e3 f7f5 d1h5 h8h5 h2h3 g7g6 f1b5 e8f7 b5a6 b7b6
1085,g2g3 a7a6 f2f4 a6a5 b2b3 b8c6 c2c3 d7d5 e2e4 a8b8 c1b2 d5e4
1086,b2b3 g7g6 h2h4 g6g5 d2d4 b7b6 c1d2 d7d5 h1h3 c7c5 d2g5 d8c7
1087,h2h3 e7e6 g2g3 f8c5 c2c4 b8a6 d2d4 e8f8 c1g5 c5e7 g1f3 e6e5
1088,g2g3 h7h5 f2f4 a7a5 e2e4 d7d5 c2c4 h8h6 d1h5 e7e6 g1f3 b7b6
1089,a2a4 c7c5 b1c3 d7d5 b2b4 c5c4 c3d5 c8h3 a4a5 h3g2 e2e3 d8c7
1090,c2c4 b7b5 d1c2 b8c6 e2e4 h7h6 g2g4 f7f5 c4c5 f5g4 h2h3 e7e5
1091,g2g3 a7a5 d2d4 b8c6 b2b3 a8a7 c2c3 c6b4 h2h4 b4d3 e2d3 b7b5
1092,g2g3 f7f5 f2f4 h7h6 h2h4 g7g6 a2a4 b7b6 b1a3 d7d5 h1h3 c7c6
1093,g2g3 a7a5 c2c4 b8c6 d2d4 h7h6 g1f3 h6h5 h2h4 c6b4 h1g1 b7b5
1094,d2d4 c7c5 c1g5 d7d5 c2c4 f7f6 g5f6 e7f6 h2h3 e8d7 f2f4 b7b6
1095,a2a4 d7d5 b1c3 c7c5 b2b4 d8d7 a4a5 d7b5 c3d5 h7h5 a1b1 h8h6
1096,g1f3 g8h6 c2c4 d7d5 h2h4 c7c5 g2g3 d5c4 d1a4 d8d7 e2e4 h6g8
1097,c2c4 g7g6 h2h3 c7c5 b2b4 d8c7 g2g4 g6g5 f2f4 a7a6 b4c5 a8a7
1098,b2b3 b8c6 h2h3 e7e6 c2c3 e6e5 d1c2 a8b8 d2d4 f7f6 c1a3 b7b5
1099,b1a3 e7e6 c2c4 g7g6 g2g3 e6e5 f2f4 f7f5 d1c2 e5e4 h2h3 h7h6
1100,a2a4 d7d5 b1a3 g8f6 e2e4 c7c5 a1a2 g7g6 f1b5 d8d7 g2g3 h7h5
1101,g2g3 g7g5 f2f4 g5g4 b2b3 a7a6 e2e4 g8h6 h2h3 b8c6 c1a3 a6a5
1102,g2g3 h7h6 h2h3 b8a6 e2e4 a8b8 e1e2 c7c6 a2a4 a6c5 a1a2 b7b6
1103,g2g3 f7f6 f2f4 h7h6 h2h3 a7a5 f4f5 c7c5 e2e3 e8f7 d2d3 a5a4
1104,g2g3 a7a6 f2f4 h7h6 e2e4 f7f5 e4f5 b8c6 d2d4 g7g6 h2h3 a6a5
1105,d2d4 e7e6 c1g5 d7d5 e1d2 f7f6 b2b3 b7b6 f2f3 g7g6 b1c3 f6g5
1106,b1a3 e7e6 g2g3 h7h6 c2c4 g7g6 c4c5 f8c5 g1f3 f7f6 f3e5 f6f5
1107,h2h3 d7d5 d2d3 c7c6 g2g3 c8g4 b2b4 h7h5 h3g4 h5g4 h1h8 e8d7
1108,d2d4 c7c5 a2a3 c5d4 c1g5 d7d5 d1d4 c8g4 a1a2 b7b5 f2f4 g7g6
1109,b1c3 e7e6 b2b4 d8f6 a1b1 f6c3 b1a1 b8c6 a2a3 a8b8 d2c3 g8f6
1110,a2a4 b7b5 b1c3 d7d5 e2e3 e8d7 a1a2 b5a4 b2b4 e7e5 e3e4 d7e8
1111,d2d4 e7e6 c1e3 g7g6 a2a4 f7f6 h2h4 b7b6 h1h3 d7d5 a4a5 e8d7
1112,d2d4 d7d5 e2e3 e8d7 f1b5 d7e6 g2g3 b8a6 e1d2 f7f6 f2f3 a6b8
1113,g2g3 d7d5 h2h4 c8g4 d2d4 d8d6 a2a3 a7a6 f1h3 d6a3 b2a3 b8c6
1114,g2g3 h7h6 e2e4 f7f5 e4f5 a7a5 d1h5 g7g6 h5g6
1115,g2g3 a7a5 d2d4 g7g6 c2c4 g8f6 b2b4 b8c6 g1f3 e7e5 d4e5 a8b8
1116,b2b3 a7a6 d2d4 h7h6 h2h4 c7c6 h1h3 e7e5 a2a3 f8b4 c2c3 d7d5
1117,g2g3 a7a5 d2d4 g8h6 c2c4 h8g8 a2a4 d7d5 e2e4 h6g4 d1b3 h7h5
1118,d2d4 e7e6 a2a4 f7f6 b1a3 b8c6 h2h4 a7a5 h1h3 a8a7 b2b4 c6e5
1119,a2a4 d7d5 b1c3 c7c6 e2e3 g7g6 a1a2 g8f6 f2f3 h7h5 c3b5 c6c5
1120,d2d3 e7e5 d3d4 f7f5 a2a3 g7g6 h2h4 f5f4 c2c3 f8b4 d4e5 a7a6
1121,e2e4 e7e6 e1e2 g7g6 g1f3 d8e7 g2g3 f7f5 d2d4 b7b5 e2e3 f5e4
1122,g2g4 d7d5 c2c4 c8g4 c4d5 g7g5 f1h3 a7a6 h3g4 c7c6 b2b4 g8f6
1123,d2d4 e7e6 a2a4 f7f6 b1d2 d7d5 h2h3 b7b6 a1a2 e8d7 g1f3 d8e7
1124,b1c3 e7e5 d2d4 f8b4 a2a4 d7d6 a1a2 g7g6 e2e4 b4c3 d1d2 f7f5
1125,b2b4 d7d6 e2e4 h7h6 d2d3 g7g6 g2g4 d6d5 h2h3 e7e5 b1a3 f7f5
1126,d2d4 d7d5 c2c4 a7a6 b2b4 b7b5 b1c3 e7e5 c1g5 a6a5 a1c1 b8d7
1127,a2a4 d7d5 b1c3 h7h5 e2e3 c7c5 f1b5 d8d7 a1a2 h8h6 b5c4 d5c4
1128,d2d4 e7e6 a2a4 f7f6 h2h3 d7d5 c2c3 b8a6 b1a3 d8d6 g2g3 d6g3
1129,b1c3 d7d5 a2a4 c7c5 e2e3 c5c4 f1c4 e7e5 c4e2 c8g4 c3b5 a7a5
1130,d2d4 e7e6 c2c3 b8a6 g2g3 f8b4 c3b4 f7f6 h2h4 d7d6 d4d5 g7g5
1131,d2d4 g7g6 a2a4 c7c5 c1g5 d7d5 h2h4 d8b6 h1h3 e7e6 c2c3 h7h6
1132,b1c3 e7e5 f2f4 f8c5 a1b1 h7h5 c3a4 c5f2 e1f2 e8e7 c2c3 d7d5
1133,g2g4 g7g6 d2d3 h7h6 c1h6 f8h6 h2h3 d7d6 a2a3 h6e3 a1a2 f7f5
1134,b2b3 b8c6 d2d4 c6d4 c2c3 a7a6 h2h4 a8a7 c1a3 f7f5 d1d4 f5f4
1135,h2h3 d7d5 g2g3 h7h6 f2f4 a7a5 e2e3 b8c6 d1e2 h8h7 e2g4 h7h8
1136,g2g4 g7g5 d2d4 c7c5 c2c4 g8f6 c1g5 f6g4 f2f3 d8b6 g5f6 h7h5
1137,g2g3 a7a5 c2c4 b8c6 d2d4 b7b5 d1b3 h7h6 h2h4 a5a4 h1h3 g7g5
1138,d2d4 a7a6 f2f3 f7f6 b1c3 a8a7 c1d2 e7e6 a1b1 a6a5 b2b4 b8c6
1139,b1c3 d7d5 a2a3 c8g4 b2b3 b7b6 a1a2 c7c6 b3b4 d8c7 c3d5 c6d5
1140,a2a4 c7c5 g1h3 d7d6 b1c3 d8b6 h3g1 b6b2 f2f4 b2c2 g2g3 e7e5
1141,c2c4 g7g6 f2f3 h7h6 d1c2 b8c6 b2b4 b7b5 e2e4 f7f5 b1c3 c8a6
1142,c2c4 a7a6 e2e4 b8c6 f1e2 f7f5 d1c2 h7h5 e4e5 g8f6 f2f3 f6g8
1143,g2g3 h7h6 f2f4 f7f5 h2h3 a7a5 e2e3 h8h7 b2b3 a8a7 f1c4 b8a6
1144,g2g3 g7g6 f2f4 f7f5 h2h3 e8f7 e1f2 a7a5 c2c3 b8c6 d2d4 b7b5
1145,f2f3 h7h6 d2d4 b8a6 e1d2 a6b8 b2b3 b8c6 h2h3 f7f6 d2c3 a7a6
1146,g2g3 h7h6 f2f4 f7f5 h2h3 b8c6 e2e4 a7a5 b2b3 e8f7 c2c3 f7g6
1147,a2a4 c7c5 b1c3 d7d5 f2f4 c5c4 c3d5 h7h5 a1a2 h8h7 d5c7 d8c7
1148,f2f4 h7h6 g2g3 a7a5 h2h3 a8a7 e2e4 h8h7 b2b3 g8f6 e4e5 b8c6
1149,b2b4 d7d5 d2d4 b8d7 c2c4 f7f5 d1c2 b7b6 c4c5 b6b5 f2f3 g7g6
1150,h2h3 e7e6 g2g3 g7g6 h3h4 h7h6 b2b4 f7f5 g1f3 e6e5 c2c4 e5e4
1151,g1f3 b8c6 d2d4 b7b5 e2e4 c6e5 g2g4 g8f6 b1d2 e5g4 d4d5 h7h5
1152,c2c4 a7a6 e2e3 g7g6 g2g4 f7f5 f2f3 b8c6 g4g5 c6d4 c4c5 h7h6
1153,g2g3 b8a6 a2a4 h7h5 b1a3 h8h6 h2h3 b7b5 c2c3 d7d6 e2e4 h6f6
1154,h2h3 f7f5 f2f4 h7h6 g2g3 a7a5 e2e4 e8f7 d2d4 d8e8 b2b4 e7e6
1155,g2g3 e7e5 e2e3 f7f5 f2f4 e5e4 f1c4 g7g6 h2h3 f8c5 e1f2 b7b5
1156,g2g3 b8a6 f1h3 h7h6 e2e3 a6b8 b2b3 c7c6 f2f4 b8a6 d2d3 a6b4
1157,a2a3 b8c6 b2b4 a7a5 d2d4 f7f5 c2c4 a5b4 c4c5 c6d4 h2h4 a8a5
1158,b2b3 e7e5 f2f4 e5e4 c2c3 h7h6 h2h4 c7c6 g2g3 d7d5 d2d4 d8h4
1159,g2g3 a7a5 d2d3 f7f5 c2c4 g7g6 d3d4 b8c6 f2f3 b7b5 d1c2 b5b4
1160,g2g3 h7h6 e2e3 b8c6 d1g4 a7a5 g4h4 d7d5 f2f3 h8h7 b2b3 c8g4
1161,g2g4 b7b5 d2d3 d7d5 e2e4 f7f5 f1e2 d5e4 h2h3 e7e5 f2f4 f8c5
1162,g2g3 g7g5 f2f4 g5g4 e2e4 f7f5 f1c4 f5e4 f4f5 h7h6 h2h3 e7e6
1163,g2g3 g7g6 a2a4 c7c5 f2f4 h7h5 f1h3 h5h4 b2b4 h8h5 f4f5 d7d6
1164,a2a4 c7c5 b2b4 e7e5 b1c3 f8e7 h2h4 d8c7 f2f4 c7c6 g2g3 f7f6
1165,c2c4 c7c5 f2f3 e7e5 d1c2 g7g5 b1c3 f7f6 e2e3 d8c7 g2g3 g5g4
1166,c2c4 b8a6 e2e3 g7g6 g2g3 f7f5 g1f3 h7h5 b2b4 f8h6 h2h3 e7e6
1167,d2d4 e7e6 c1g5 b7b6 e1d2 d7d5 f2f3 g7g6 c2c4 a7a6 g5f6 d8d7
1168,b2b4 g7g5 d2d4 e7e6 c1g5 d7d6 e1d2 f7f5 e2e3 d8e7 g5e7 b8d7
1169,a2a4 c7c5 b1c3 d7d5 b2b4 e7e5 h2h3 c8g4 a1a2 b7b6 e2e4 e8d7
1170,d2d4 b8a6 e1d2 a6b4 b2b3 f7f5 e2e3 a8b8 d1f3 e7e6 f3d5 d8e7
1171,d2d4 b8c6 e1d2 a7a5 b2b3 a8a7 e2e4 f7f5 f2f4 c6d4 d2e1 d4b3
1172,c2c4 a7a6 e2e4 d7d5 g1e2 c8g4 f2f3 h7h6 g2g3 c7c6 f3g4 d5e4
1173,h2h3 g7g6 a2a4 c7c5 b1c3 g8f6 g2g3 b7b5 f2f4 c5c4 h3h4 e7e5
1174,b1a3 b7b6 d2d4 d7d5 c1g5 h7h6 h2h3 f7f6 e2e4 e8d7 a3b1 f6g5
1175,h2h3 h7h5 g2g3 h8h6 e2e4 d7d5 g1e2 d5e4 f2f4 c7c6 c2c3 d8c7
1176,c2c4 a7a6 e2e4 d7d5 c4c5 d5e4 f2f3 d8d2 b1d2 a8a7 g2g4 f7f5
1177,d2d4 d7d5 f2f4 f7f5 c2c4 a7a6 b2b4 g7g6 g2g3 b7b5 e1f2 e8f7
1178,c2c4 g7g5 g2g4 c7c5 d1c2 g8f6 g1f3 f6g4 f3g5 h7h5 c2e4 f7f6
1179,c2c4 d7d5 d1a4 b7b5 a4b3 e7e5 d2d3 h7h6 c1g5 c8g4 c4c5 g7g6
1180,g2g3 a7a5 c2c4 g7g5 d2d4 b7b5 b2b4 a5b4 g3g4 b4b3 c4c5 d7d6
1181,g2g3 b8a6 d2d4 g7g6 c2c4 f7f5 a2a4 e7e5 d4e5 a6c5 d1b3 a7a6
1182,d2d4 g7g6 a2a4 d7d5 c1g5 c7c5 b1c3 d8a5 d4c5 h7h5 d1c1 h8h6
1183,d2d4 b8a6 b2b4 g7g6 a2a4 e7e6 h2h4 d8e7 h1h3 f7f5 c1g5 e6e5
1184,d2d4 c7c5 f2f3 g7g6 c2c4 d7d5 c4d5 g6g5 b1c3 d8b6 c1g5 c8h3
1185,b2b3 b7b5 g2g3 f7f5 h2h3 g7g6 f2f4 h7h5 a2a4 d7d5 b3b4 g6g5
1186,d2d4 e7e6 c2c4 f8b4 d1d2 b8a6 d2c3 b4e7 c4c5 e7d6 c3a5 a6c5
1187,a2a3 b8a6 c2c4 e7e6 a1a2 f8c5 b2b4 e6e5 f2f3 b7b5 e2e3 a8b8
1188,b2b3 g7g6 h2h4 h7h6 h1h3 c7c6 c1a3 e7e5 d2d3 f8g7 d1d2 f7f5
1189,g2g3 f7f5 h2h3 g7g6 f2f4 e7e6 b2b4 d8h4 g3h4 e8d8 c2c4 e6e5
1190,g2g3 a7a5 f2f4 h7h6 f4f5 b8c6 e2e3 e7e5 b2b3 g7g5 f1c4 a8a7
1191,d2d4 a7a6 b2b4 b7b5 e2e4 f7f5 f2f4 f5e4 g2g4 a8a7 h2h3 b8c6
1192,g2g3 g7g5 g1f3 h7h5 e2e4 f7f5 h2h3 b7b5 e1e2 c8b7 d1e1 h8h7
1193,b2b4 d7d5 f2f3 c8g4 g2g3 e7e5 e2e3 f7f5 f3f4 d5d4 e3d4 e5d4
1194,f2f4 f7f5 h2h3 h7h6 a2a4 d7d5 b1c3 c7c5 d2d4 c5d4 e2e3 d4e3
1195,c2c4 d7d5 d1c2 h7h5 c4d5 a7a6 d2d4 b8d7 e2e4 d7c5 c1g5 c7c6
1196,c2c4 e7e5 g2g4 g7g6 d1c2 f7f5 f2f4 e8f7 e1f2 g6g5 g4f5 f8h6
1197,d2d4 e7e6 g2g3 f7f6 c1g5 e6e5 f2f4 b8a6 a2a4 a8b8 e2e3 d8e7
1198,c2c4 g7g6 d1b3 f7f5 h2h4 c7c5 b3c2 f5f4 a2a4 e7e5 h1h3 g8e7
1199,g2g3 h7h5 g3g4 f7f5 c2c4 g7g6 d1c2 e7e5 g4g5 b8a6 f2f4 g8f6
1200,g1f3 a7a6 f3g5 e7e6 g2g4 b8c6 e2e4 a6a5 f2f4 e8e7 e4e5 a8a7
1201,d2d4 g7g6 c1g5 d7d5 g1f3 g8h6 h2h4 b7b5 c2c3 c7c6 g5f6 g6g5
1202,b2b3 a7a5 c2c4 b7b5 d1c2 b8c6 e2e4 g7g5 c4b5 d7d6 f2f4 c8a6
1203,g2g4 b7b6 f2f3 b6b5 e2e4 a7a5 f1h3 d7d5 c2c4 c8g4 b2b4 d5d4
1204,e2e3 c7c5 g2g3 g8f6 e3e4 d8b6 f2f4 f6g8 f1c4 h7h5 h2h3 e7e5
1205,d2d4 e7e6 c2c4 f8b4 b1d2 b4c3 b2c3 g7g5 d2b1 d7d6 c1g5 e8d7
1206,h2h3 b7b5 g2g3 h7h6 e2e4 d7d5 f2f4 d5e4 h3h4 h8h7 g1f3 h6h5
1207,b2b4 h7h5 d2d4 g7g6 f2f3 f7f5 h2h4 b8a6 e1d2 a6b4 a2a4 c7c5
1208,b2b4 b7b5 e2e4 f7f5 f2f3 e7e5 c2c4 g7g5 d1c2 e8e7 f1e2 b8a6
1209,b1c3 d7d5 a2a4 c7c5 a1a2 h7h5 e2e3 a7a5 f1b5 d8d7 b5d7 e8d7
1210,d2d4 f7f6 g2g4 e7e6 d4d5 f8c5 e2e3 c5e3 h2h3 a7a6 c2c4 b8c6
1211,a2a4 c7c5 b1c3 d8b6 a1a3 d7d5 h2h3 c8d7 g2g4 d7g4 h3g4 h7h5
1212,c2c4 d7d5 g2g3 b7b5 c4d5 h7h5 d1c2 e7e5 f2f4 f8c5 d5d6 b8c6
1213,b2b4 b7b5 e2e4 f7f5 f2f3 f5e4 f3e4 e7e5 g2g4 g8f6 g1f3 g7g5
1214,b2b4 g7g6 g1f3 f7f5 h2h4 b7b5 f3g1 e7e5 f2f4 e5e4 g2g3 d7d5
1215,h2h4 h7h6 h1h3 d7d5 d2d3 e8d7 c1f4 d8e8 c2c3 g7g5 b2b3 c7c6
1216,e2e3 g7g6 b1c3 d7d5 b2b4 e8d7 f2f3 b7b6 a1b1 e7e6 d1e2 f7f6
1217,b2b4 f7f5 c2c4 d7d5 d1b3 a7a6 h2h4 a8a7 f2f3 b8c6 d2d4 d8d7
1218,b2b3 e7e5 f2f4 d8h4 g2g3 f7f5 c2c4 g7g6 d1c2 b8a6 h2h3 e8e7
1219,f2f4 h7h5 d2d4 a7a6 d1d3 a6a5 c2c4 g8h6 e1f2 b8c6 d3b3 g7g5
1220,d2d3 f7f5 d3d4 g7g6 c2c3 b8a6 c1g5 f5f4 h2h4 a6c5 g5h6 d7d6
1221,g2g3 g7g6 f2f4 f7f5 b2b4 b8a6 e2e3 a6b4 a2a4 a7a5 e1e2 e7e6
1222,b2b4 b8a6 b1c3 a8b8 a1b1 e7e5 e2e4 f8e7 g1f3 a6b4 c3b5 b4a6
1223,h2h3 e7e6 g2g3 b8c6 d2d4 f8b4 c2c3 g7g6 g1f3 d8f6 h3h4 f6f3
1224,b2b4 b8a6 b1c3 a8b8 a2a4 e7e5 a1a2 f8e7 e2e3 a6b4 g2g3 g8h6
1225,a2a4 d7d5 d2d4 a7a6 b1c3 a8a7 c1g5 c8g4 a1a3 b7b6 d1d2 g4c8
1226,g2g4 b7b5 f2f4 b8c6 a2a4 d7d5 e2e3 g8f6 f1b5 h7h5 a1a3 h8h6
1227,a2a4 d7d5 b1c3 c7c5 b2b4 d8c7 f2f4 h7h6 a1a3 h8h7 f4f5 h6h5
1228,a2a4 c7c5 h2h3 d8b6 b1c3 g7g5 g2g3 h7h5 f1g2 h8h7 g3g4 d7d5
1229,g2g3 h7h6 h2h4 a7a5 b2b3 g8f6 d2d4 a8a6 c2c3 b8c6 c1g5 h8h7
1230,b2b4 b8a6 d2d4 a6c5 g2g3 d7d6 b4b5 d6d5 c2c3 a7a5 h2h4 c8g4
1231,g2g3 b8c6 d2d4 f7f6 g3g4 b7b5 c2c4 e7e5 d4e5 f6e5 d1c2 d8e7
1232,h2h3 b8c6 c2c3 e7e6 d2d4 d7d6 c1g5 c6e5 a2a4 h7h5 d1c2 a7a6
1233,d2d4 e7e6 c2c4 b7b5 d1b3 f7f6 h2h4 d7d5 g1f3 e6e5 b3c3 f8a3
1234,b2b3 e7e6 e2e3 g7g6 g2g3 f7f5 h2h3 b7b5 d1f3 e6e5 f3a8 f5f4
1235,a2a4 d7d5 b1c3 h7h5 b2b4 b7b6 d2d3 c8g4 a1a3 d5d4 h2h4 g8f6
1236,c2c4 d7d5 d1c2 a7a5 f2f3 f7f5 b1c3 a8a6 b2b4 a5b4 a1b1 e7e5
1237,h2h3 d7d5 b2b3 h7h6 d2d4 g7g5 g2g4 b7b5 c1g5 c7c6 b1c3 c8f5
1238,b1c3 d7d5 a2a3 c8g4 a3a4 c7c5 a1a3 h7h5 c3d5 h8h6 d5f6 g8f6
1239,c2c4 a7a6 e2e4 b8c6 f2f3 h7h6 c4c5 d7d5 d1c2 d5e4 f1a6 h8h7
1240,b1c3 d7d5 b2b4 e7e5 a1b1 c8g4 c3a4 c7c6 c2c3 g8h6 g1f3 b7b6
1241,c2c4 b7b5 d1c2 a7a6 e2e4 f7f5 f2f3 g7g6 b2b4 e8f7 e1d1 f8h6
1242,b2b3 e7e6 g1f3 f7f5 h2h3 f5f4 g2g3 g7g6 c1a3 b7b5 c2c3 c8b7
1243,b1c3 d7d5 f2f4 h7h6 a2a4 b7b5 b2b4 a7a5 a1a3 a8a6 f4f5 e7e5
1244,a2a4 e7e5 f2f4 h7h5 a1a3 f8e7 f4f5 g8f6 c2c4 c7c5 b1c3 a7a6
1245,d2d4 d7d5 f2f3 f7f5 b1c3 b8a6 e1d2 c7c5 b2b3 d8c7 d1e1 b7b5
1246,a2a3 b8c6 b1c3 a7a5 a3a4 c6e5 a1a3 a8a7 c3b5 e5c4 b5a7 h7h6
1247,e2e3 g8h6 b1a3 d7d6 e3e4 e8d7 f2f4 b8a6 a3c4 d8e8 g2g4 h6g4
1248,g2g4 a7a6 e2e4 d7d5 f2f3 d5e4 f3e4 c8g4 c2c4 c7c6 b2b4 h7h6
1249,c2c4 h7h6 g2g4 g7g6 d1c2 c7c6 d2d3 e7e5 f2f4 a7a5 b1a3 a8a6
1250,c2c4 g7g6 f2f4 d7d5 g2g3 f7f5 c4d5 h7h6 e2e4 c7c5 d2d4 d8c7
1251,b2b3 g7g6 h2h4 f7f5 a2a4 c7c5 b3b4 f5f4 a1a2 b7b6 h1h3 a7a6
1252,d2d4 e7e6 c1g5 b8a6 e1d2 a8b8 e2e3 g8h6 b2b4 h6g8 c2c3 b7b5
1253,g1f3 h7h6 g2g3 b8c6 e2e4 h6h5 h2h3 g8f6 a2a4 a7a5 a1a2 h8h6
1254,d2d4 g7g6 g1f3 f7f5 h2h4 e7e5 d4e5 d7d5 a2a3 g6g5 g2g3 b7b5
1255,g2g4 b7b5 d2d3 e7e6 e2e3 f7f6 b1c3 c7c5 b2b4 f8d6 h2h3 d6c7
1256,d2d4 b8a6 b2b3 e7e6 e1d2 d8e7 b1c3 a6b4 a2a4 f7f5 f2f4 g7g6
1257,g2g3 f7f5 h2h3 g8h6 b1c3 e7e5 f2f4 e8f7 f4e5 d7d5 a2a4 f5f4
1258,e2e4 e7e6 f2f4 h7h6 g2g3 f8c5 e1e2 e8e7 h2h3 a7a5 d2d3 g8f6
1259,c2c4 d7d5 d1c2 d8d6 e2e4 e8d7 f2f3 f7f6 c4d5 g7g6 b1a3 e7e6
1260,b2b4 b8c6 e2e3 a7a5 c2c4 h7h6 d2d4 g7g6 e1d2 a8a7 h2h3 c6d4
1261,d2d4 d7d5 b2b4 c7c6 c2c3 b7b5 h2h3 h7h6 g2g4 c8g4 e2e4 e7e5
1262,d2d4 g7g6 g2g4 d7d5 h2h3 g6g5 c1g5 b8c6 g5e3 h7h6 c2c3 a7a5
1263,d2d4 d7d5 e1d2 b7b5 b2b3 f7f6 e2e3 e8d7 f1c4 g7g6 g2g4 b5c4
1264,g2g3 h7h5 g1f3 b8c6 e2e3 a7a6 d2d4 a6a5 h1g1 b7b5 b2b4 g8h6
1265,b2b4 b7b5 b1c3 a7a5 e2e4 d7d5 d1h5 d5e4 a2a4 d8d3 f2f3 d3e3
1266,h2h3 d7d5 b1a3 b7b5 a1b1 g8h6 a3c4 b5c4 e2e4 h6g8 g1f3 f7f6
1267,g2g3 a7a5 f2f4 h7h5 e2e4 f7f5 b2b3 h8h6 e4f5 b8c6 c2c4 a8a6
1268,b1c3 e7e5 g1h3 g7g6 a2a4 h7h6 a1a2 f8e7 h1g1 f7f5 f2f3 b7b5
1269,g2g3 a7a5 f2f4 h7h5 f4f5 b8c6 e2e4 e7e5 b1a3 c6d4 a1b1 f8e7
1270,b2b3 g7g6 h2h4 f7f5 a2a4 e7e5 h1h3 c7c6 f2f4 e5e4 g2g3 g6g5
1271,b2b4 d7d6 c2c4 h7h5 d1b3 h8h6 f2f4 c8e6 d2d4 b8c6 e2e3 e6g4
1272,g2g3 g7g5 f2f4 c7c5 e2e4 d8b6 g1f3 f7f5 f4g5 f5e4 e1f2 b6g6
1273,c2c4 c7c5 f2f3 g7g5 e2e3 g8f6 g2g3 e7e5 e1f2 d8c7 d1c2 c7d8
1274,c2c4 b7b5 c4b5 c7c5 b5c6 d8c7 g2g3 e7e5 f2f4 f7f5 e2e4 g8f6
1275,g2g4 b7b5 g1f3 d7d5 d2d4 c7c6 f3g5 f7f5 c2c4 a7a6 c4c5 d8c7
1276,b2b3 b8c6 a2a4 a7a6 a1a2 f7f6 g1h3 e7e5 h1g1 e8e7 h3g5 a6a5
1277,d2d4 d7d5 f2f3 f7f5 a2a3 b7b5 a1a2 g7g6 b1d2 e7e6 d2e4 b8a6
1278,g2g4 g7g6 g4g5 h7h6 h2h4 h6g5 h1h3 h8h7 a2a4 b7b6 b1c3 d7d5
1279,c2c3 e7e5 c3c4 c7c5 e2e4 f7f5 f2f4 f5e4 g2g3 g7g6 d1e2 e5f4
1280,b2b4 g7g6 c2c4 b7b5 d1c2 g6g5 b1c3 a7a6 e2e4 d7d5 c3e2 d5d4
1281,d2d4 e7e6 c1g5 b8a6 c2c4 f8b4 d1d2 d8g5 d4d5 g5h6 d2b4 g7g6
1282,g2g3 a7a5 c2c3 f7f5 d2d4 b7b5 h2h3 h7h5 b2b3 d7d6 f2f4 b5b4
1283,g2g3 a7a5 c2c4 b8c6 d2d4 b7b5 h2h3 h7h6 c4c5 g7g5 a2a4 d7d6
1284,g2g4 g7g6 g4g5 h7h6 h2h3 h6g5 f2f4 a7a5 e2e4 g8f6 d1e2 d7d5
1285,b2b4 a7a6 c1a3 d7d5 e2e4 f7f6 f2f3 a8a7 a3c1 b8c6 b1c3 e7e5
1286,b2b3 b7b5 h2h3 f7f6 b3b4 b8c6 d2d3 a8b8 g2g4 e7e5 a2a4 h7h6
1287,b2b3 a7a6 a2a4 d7d5 b3b4 a8a7 b1c3 d8d6 f2f3 d6b4 c3a2 c8g4
1288,g2g3 a7a5 d2d3 f7f5 d3d4 e7e5 c2c4 f8b4 d1d2 b8c6 d4e5 g8e7
1289,c2c4 b7b5 d1c2 h7h5 c4c5 f7f6 c2g6
1290,c2c4 g7g6 f2f3 f7f5 b2b4 b7b5 d2d3 e7e5 d1c2 e8f7 g2g3 b8a6
